id,type,text1,text2,text3,notes,
,,,,,,
# WEAPONS WEAPONS WEAPONS
,,,,,,
torgue_annihilator_tube,WEAPON,Custom Torgue rocket tube firing fast annihilator missiles.,,,,
,,,,,,
torgue_annihilator_array,WEAPON,Custom Torgue rocket array firing fast annihilator missiles.,,,,
,,,,,,
pow_torgue_two_stage_annihilator_blank,WEAPON,Custom Torgue rocket tube firing fast two stage annihilator missiles.,,,,
,,,,,,
torgue_phase_replacement,WEAPON,Custom Torgue rocket pods firing two stage annihilator missiles.,,,,
,,,,,,
pow_torgue_flak,WEAPON,A defensive weapon system that fires cluster bombs propelled by torgue gyrojets and equipped with a proximity fuse for maximum effect against fighters and missiles.,,,,
,,,,,,
pow_doom_minelayer_blank,WEAPON,"Deploys low-velocity proximity charges with an impressive blast radius and ability to shrug off point-defense fire. Especially devastating against fighters, but also effective vs armored targets.",,,,
,,,,,,
pow_torgue_titan_slayer_blank,WEAPON,Large armored rocket designed to brute force its way through point defense and deliver a devastating payload capable of crippling unshielded titan class ships or outright destroying anything smaller.,,,,
,,,,,,
pow_torgue_expert_paragon_special,WEAPON,Generates a series if explosions centered on the paragon.,,,,
,,,,,,
pow_torgue_lightag,WEAPON,"A small caliber cannon designed for close-range fights, excellent versus armor and with a superb fire rate.

Small caliber cannon designed to fire high-explosive rounds. Design of the coolant systems and autoloader emphasizes safety and prevention of cook-off potentially caused by high flux levels. Favored by destroyer captains that have something to prove.",,,,
,,,,,,
pow_torgue_lightmortar,WEAPON,"An antiquated weapon that fires anti-armor rounds at a low rate of fire, muzzle velocity, and range. Its low flux buildup is a lone saving grace.

The weapon blueprints for Light Mortars actually did not intend them for spacecraft at all, but an ingenious modification to the breech loading mechanism permits installation and use outside an atmospheric environment. In combat, there is little the Light Mortar can do versus moving or shielded targets due to its terrible mount rotation and rate of fire. Nonetheless, it is often used for training novice gunnery officers in the finer points of space ballistic tactics and nomenclature.

Commonly fitted on private yachts and solo interplanetary vehicles because it is so light and cheap.",,,,
,,,,,,
pow_torgue_chaingun,WEAPON,"The GA-X Industries Mk. II chaingun excels at close-range fighting, where accuracy is less important than overall damage and volume of fire.

A 'melee' captain's favorite tool, the Assault Chaingun delivers high-explosive shaped charge rounds on target at nearly 400 shells per minute. Features electrically driven feed and ejector systems and an advanced nano cooling unit built right into the barrel. 

The only drawback is a heavier turret profile which, coupled with the lack of the accompanying governor blueprint, is typically mounted on incompatible rotators giving rise to unexpectedly low turret rotation speeds.",,,,
,,,,,,
pow_torgue_heavymauler,WEAPON,"An advanced weapon system designed to punch through armor plating at long-range. Has a low sustained rate of fire but high per-burst damage.

A brutal weapon, the heavy mauler is designed to engage targets at medium to long-range. At its core, the weapon is an autocannon with a nano-cooling system and an external ejection port. However, unlike normal autocannons, the heavy mauler is distinguished by an antimatter barrel charger fed by trivial amounts of standard starship fuel.

When leaving the firing chamber, each shell ogive is charged with a field of antiprotons which hovers 10-20 nanometers in front of the shell, stabilized by a baryon coating. On impact with a target, this antiproton ""sheath"" loses structural integrity and the resulting reaction does further damage. Given the fact that shells already deliver impressive destructive force to the target, the combined reaction makes the heavy mauler particularly effective versus armored targets.",,,,
heavyac,WEAPON,"A triple-barreled cannon that fires a burst of standardized shells at medium range. It is most effective versus enemy shields.

Medium caliber, triple-barreled autocannon, typically deployed with medium-bore ammunition. Electrically primed firing fuses ensure precise fire counts. A great fire support weapon, it is typically fitted on destroyer and cruiser class ships. A battery of heavy autocannons with a proper firing solution may pose a serious threat to capital ships. 

Additional mass necessity to accommodate the complex autoloader and cooling systems results in a very poor turn rate.",,,,
,,,,,,
pow_torgue_heavymortar,WEAPON,"An antiquated weapon that fires larger anti-armor rounds at a somewhat higher rate of fire than its smaller cousin. Projectile speed is low and effective range is short. Low flux buildup is a lone saving grace.

The Heavy Mortar was originally designed for use in planetary surface combat. Ostensibly intended for cracking fortifications, it saw far more use in urban bombardment. The robust internal mechanisms permit installation and use outside an atmospheric environment with only minor adjustments, notably replacement of the automatic rangefinder/targeting module. If employed against a large, unshielded, and slow-moving target, the heavy mortar can prove most effective.",,,,
,,,,,,
pow_torgue_dualflak,WEAPON,"An upgraded, viciously effective dual mount of the Flak Cannon. Nicknamed ""The Widowmaker"" for its ability to tear apart incoming fighters.

Just like the standard flak cannon, this weapon devastates smaller fighter and missile targets, firing two proximity fuse fitted rounds. Shaped dispersal ensures dual detonation and a higher kill radius. Fighter craft are rarely launched against ships that are fitted with this weapon system, out of fear of what it can do. Excellent rate of fire and turret turn rate.",,,,
,,,,,,
pow_torgue_devastator,WEAPON,"Essentially a rapid-fire capital-sized flak cannon, the Devastator was developed by the Domain Armada using generic parts in response to a rebellious world which managed to acquire an extensive set of fighter LPCs.

Three barrels launch a rapid barrage of explosive projectiles. The rapid rate of fire produces such a volume of munitions that the proximity detectors become somewhat unreliable, setting themselves off at seemingly random range. The margin of error was deemed acceptable after spectacular field results.

A single salvo from the Devastator can eliminate a fighter wing or flight of missiles, though the shells are of only limited use against larger or more distant targets.",,,,
,,,,,,
pow_torgue_hellbore,WEAPON,"A huge cannon which fires slow-moving plasma-charged projectiles. Rounds are highly effective versus armor and obliterate any hull structure left underneath.

A feared weapon platform, rarely deployed due to the complexity involved in manufacturing a built-up barrel that can safely fire enormous high-explosive shaped charge rounds. When such a shell impacts a target, the Neumann effect causes the warhead to propel a jet of molten metal into the target's armor, vaporizing a small area, causing hull breaches, depressurization, and extensive internal damage from the spall.",,,,
,,,,,,
pow_torgue_hephag,WEAPON,"A medium-range gun designed to punch through heavy armor. The raw damage output also enables it to overwhelm weaker shield emitters.

A truly devastating weapon platform, named for an archaic god of volcanoes. A typical turret mount features two L/89 barrels that trade off firing armor-destroying rounds at 240 RPM. An electromagnetic ejector, powered feed system and nanocoolants allow the weapon to fire for extended time periods. The shaped charge shells have low muzzle velocity and great armor penetrating power. ",,,,
,,,,,,
,,,,,,
# SHIPS SHIPS SHIPS
torgue_basic_brawler,SHIP,"This ship has been refitted by the Torgue smiths and features heavier armor plating, increased overall performance and unique systems.
This ship has been refitted by the Torgue smiths and features heavier armor plating, increased overall performance and unique systems. Typically deployed to beef up system police forces and port authority security, the Brawler-class frigate is a robust design which trades mobility (and comfort) for impressive firepower, armor, and a destroyer-grade power generator.",,,,
,,,,,,
,,,,,,
torgue_advanced_brawler,SHIP,"This ship has been refitted by the Torgue smiths and features heavier armor plating, increased overall performance and unique systems. Typically deployed to beef up system police forces and port authority security, the Brawler-class frigate is a robust design which trades mobility (and comfort) for impressive firepower, armor, and a destroyer-grade power generator.",,,,
,,,,,,
,,,,,,
torgue_expert_brawler,SHIP,"This ship has been refitted by the Torgue smiths and features heavier armor plating, increased overall performance and unique systems. Typically deployed to beef up system police forces and port authority security, the Brawler-class frigate is a robust design which trades mobility (and comfort) for impressive firepower, armor, and a destroyer-grade power generator.",,,,
,,,,,,
,,,,,,
,,,,,,
torgue_basic_lasher,SHIP,"This ship has been refitted by the Torgue smiths and features heavier armor plating, increased overall performance and unique systems. A favorite of pirates and private armies due to the ubiquity of the blueprints and its non-demanding support profile, Lasher-class frigates pack a respectable amount of ballistic firepower.",,,,
,,,,,,
torgue_advanced_lasher,SHIP,"This ship has been refitted by the Torgue smiths and features heavier armor plating, increased overall performance and unique systems. A favorite of pirates and private armies due to the ubiquity of the blueprints and its non-demanding support profile, Lasher-class frigates pack a respectable amount of ballistic firepower.",,,,
,,,,,,
torgue_expert_lasher,SHIP,"This ship has been refitted by the Torgue smiths and features heavier armor plating, increased overall performance and unique systems. A favorite of pirates and private armies due to the ubiquity of the blueprints and its non-demanding support profile, Lasher-class frigates pack a respectable amount of ballistic firepower.",,,,
,,,,,,
,,,,,,
,,,,,,
orgue_basic_scarab,SHIP,"This ship has been refitted by the Torgue smiths and features heavier armor plating, increased overall performance and unique systems. The Scarab is a rare, experimental hull developed by the Tri-Tachyon corporation. Only a limited run of prototypes has been produced.",,,,
,,,,,,
,,,,,,
torgue_advanced_scarab,SHIP,"This ship has been refitted by the Torgue smiths and features heavier armor plating, increased overall performance and unique systems. The Scarab is a rare, experimental hull developed by the Tri-Tachyon corporation. Only a limited run of prototypes has been produced.",,,,
,,,,,,
,,,,,,
torgue_expert_scarab,SHIP,"This ship has been refitted by the Torgue smiths and features heavier armor plating, increased overall performance and unique systems. The Scarab is a rare, experimental hull developed by the Tri-Tachyon corporation. Only a limited run of prototypes has been produced.",,,,
,,,,,,
,,,,,,
torgue_basic_phase_afflictor,SHIP,This ship has been refitted by the Torgue smiths and features heavier armor plating," increased overall performance and unique systems.A dangerous and swift phase frigate with a weapons loadout that is powerful enough to bring down much heavier ships. The Afflictor possesses a device which exploits a unique modification of its integrated phase coil array to project a field of anomalously amplified entropy. This effects a devastating increase in destructive instability in delicate or finely tuned systems when the targeted vessel experiences chaotic high-energy events ie. combat damage. Everything that can possibly go wrong does.",,,
,,,,,,
torgue_advanced_phase_afflictor,SHIP,This ship has been refitted by the Torgue smiths and features heavier armor plating," increased overall performance and unique systems.A dangerous and swift phase frigate with a weapons loadout that is powerful enough to bring down much heavier ships. The Afflictor possesses a device which exploits a unique modification of its integrated phase coil array to project a field of anomalously amplified entropy. This effects a devastating increase in destructive instability in delicate or finely tuned systems when the targeted vessel experiences chaotic high-energy events ie. combat damage. Everything that can possibly go wrong does.",,,
,,,,,,
torgue_expert_phase_afflictor,SHIP,This ship has been refitted by the Torgue smiths and features heavier armor plating," increased overall performance and unique systems.A dangerous and swift phase frigate with a weapons loadout that is powerful enough to bring down much heavier ships. The Afflictor possesses a device which exploits a unique modification of its integrated phase coil array to project a field of anomalously amplified entropy. This effects a devastating increase in destructive instability in delicate or finely tuned systems when the targeted vessel experiences chaotic high-energy events ie. combat damage. Everything that can possibly go wrong does.",,,
,,,,,,
,,,,,,
torgue_basic_afflictor,SHIP,This ship has been refitted by the Torgue smiths and features heavier armor plating," increased overall performance and unique systems.A dangerous and swift frigate with a weapons loadout that is powerful enough to bring down much heavier ships. The Afflictor possesses a device which exploits a unique modification of its integrated flux array to project a field of anomalously amplified entropy. This effects a devastating increase in destructive instability in delicate or finely tuned systems when the targeted vessel experiences chaotic high-energy events ie. combat damage. Everything that can possibly go wrong does.",,,
,,,,,,
torgue_advanced_afflictor,SHIP,This ship has been refitted by the Torgue smiths and features heavier armor plating," increased overall performance and unique systems.A dangerous and swift frigate with a weapons loadout that is powerful enough to bring down much heavier ships. The Afflictor possesses a device which exploits a unique modification of its integrated flux array to project a field of anomalously amplified entropy. This effects a devastating increase in destructive instability in delicate or finely tuned systems when the targeted vessel experiences chaotic high-energy events ie. combat damage. Everything that can possibly go wrong does.",,,
,,,,,,
torgue_expert_afflictor,SHIP,This ship has been refitted by the Torgue smiths and features heavier armor plating," increased overall performance and unique systems.A dangerous and swift frigate with a weapons loadout that is powerful enough to bring down much heavier ships. The Afflictor possesses a device which exploits a unique modification of its integrated flux array to project a field of anomalously amplified entropy. This effects a devastating increase in destructive instability in delicate or finely tuned systems when the targeted vessel experiences chaotic high-energy events ie. combat damage. Everything that can possibly go wrong does.",,,
,,,,,,
torgue_basic_monitor,SHIP,"This ship has been refitted by the Torgue smiths and features heavier armor plating, increased overall performance and unique systems.

An oddity among ships, the Monitor is the result of the line of thought that “sometimes the best defense is indeed the best defense”. Features turret mounts angled to provide wide arcs and a unique “flux shunt” modification to its power systems specially constructed to relieve flux generated by shields. Indeed, the Monitor makes up for a lack of maneuverability and firepower with the ability to withstand prolonged bombardment from enemy ordnance.

Though its experimental nature is perhaps a sign of the innovation that eras of turmoil seem to inspire, whether the Monitor’s radical defensive focus is a boon or pitfall remains contentious. Several dramatic failures in convoy protection patrols were explained by Ko Combine PR representatives to be the fault of improper tactics employed by convoy commanders. Ko Combine maintains that when positioned correctly in a combat situation and supported by strike-craft - as the anvil and hammer, respectively - simulations demonstrate that the Monitor significantly enhances convoy survivability against the average pirate attack. Prominent critics remain.",,,,
,,,,,,
torgue_advanced_monitor,SHIP,"This ship has been refitted by the Torgue smiths and features heavier armor plating, increased overall performance and unique systems.

An oddity among ships, the Monitor is the result of the line of thought that “sometimes the best defense is indeed the best defense”. Features turret mounts angled to provide wide arcs and a unique “flux shunt” modification to its power systems specially constructed to relieve flux generated by shields. Indeed, the Monitor makes up for a lack of maneuverability and firepower with the ability to withstand prolonged bombardment from enemy ordnance.

Though its experimental nature is perhaps a sign of the innovation that eras of turmoil seem to inspire, whether the Monitor’s radical defensive focus is a boon or pitfall remains contentious. Several dramatic failures in convoy protection patrols were explained by Ko Combine PR representatives to be the fault of improper tactics employed by convoy commanders. Ko Combine maintains that when positioned correctly in a combat situation and supported by strike-craft - as the anvil and hammer, respectively - simulations demonstrate that the Monitor significantly enhances convoy survivability against the average pirate attack. Prominent critics remain.",,,,
,,,,,,
torgue_expert_monitor,SHIP,"This ship has been refitted by the Torgue smiths and features heavier armor plating, increased overall performance and unique systems.

An oddity among ships, the Monitor is the result of the line of thought that “sometimes the best defense is indeed the best defense”. Features turret mounts angled to provide wide arcs and a unique “flux shunt” modification to its power systems specially constructed to relieve flux generated by shields. Indeed, the Monitor makes up for a lack of maneuverability and firepower with the ability to withstand prolonged bombardment from enemy ordnance.

Though its experimental nature is perhaps a sign of the innovation that eras of turmoil seem to inspire, whether the Monitor’s radical defensive focus is a boon or pitfall remains contentious. Several dramatic failures in convoy protection patrols were explained by Ko Combine PR representatives to be the fault of improper tactics employed by convoy commanders. Ko Combine maintains that when positioned correctly in a combat situation and supported by strike-craft - as the anvil and hammer, respectively - simulations demonstrate that the Monitor significantly enhances convoy survivability against the average pirate attack. Prominent critics remain.",,,,
,,,,,,
,,,,,,
torgue_basic_cerberus,SHIP,"This ship has been refitted by the Torgue smiths and features heavier armor plating, increased overall performance and unique systems.

The Cerberus is prized for providing a cost-effective balance between cargo capacity and enough combat power for its size to discourage casual piracy with the happy result of lowered insurance rates compared to standard Domain-era civilian grade freighters. The Cerberus is now widely considered to be a wise platform of operation for independent traders in the Sector. 

In times past, before the fall of the gate system when Domain authority reigned, combat-enabled freighters like the Cerberus found only niche use on the edges of the rare warzone or in especially uncivilized hinterlands of the galaxy where Domain Armada patrols were stretched thinly. The crew combat training, weapon maintenance, and mass/thrust ratio loss caused by heavier armour were viewed as causing unnecessary cost overhead. But this is a new age filled with both danger and profitable opportunities; the abilities of the Cerberus have given the hull a new life in the trade lanes.",,,,
,,,,,,
torgue_advanced_cerberus,SHIP,"This ship has been refitted by the Torgue smiths and features heavier armor plating, increased overall performance and unique systems.

The Cerberus is prized for providing a cost-effective balance between cargo capacity and enough combat power for its size to discourage casual piracy with the happy result of lowered insurance rates compared to standard Domain-era civilian grade freighters. The Cerberus is now widely considered to be a wise platform of operation for independent traders in the Sector. 

In times past, before the fall of the gate system when Domain authority reigned, combat-enabled freighters like the Cerberus found only niche use on the edges of the rare warzone or in especially uncivilized hinterlands of the galaxy where Domain Armada patrols were stretched thinly. The crew combat training, weapon maintenance, and mass/thrust ratio loss caused by heavier armour were viewed as causing unnecessary cost overhead. But this is a new age filled with both danger and profitable opportunities; the abilities of the Cerberus have given the hull a new life in the trade lanes.",,,,
,,,,,,
torgue_expert_cerberus,SHIP,"This ship has been refitted by the Torgue smiths and features heavier armor plating, increased overall performance and unique systems.

The Cerberus is prized for providing a cost-effective balance between cargo capacity and enough combat power for its size to discourage casual piracy with the happy result of lowered insurance rates compared to standard Domain-era civilian grade freighters. The Cerberus is now widely considered to be a wise platform of operation for independent traders in the Sector. 

In times past, before the fall of the gate system when Domain authority reigned, combat-enabled freighters like the Cerberus found only niche use on the edges of the rare warzone or in especially uncivilized hinterlands of the galaxy where Domain Armada patrols were stretched thinly. The crew combat training, weapon maintenance, and mass/thrust ratio loss caused by heavier armour were viewed as causing unnecessary cost overhead. But this is a new age filled with both danger and profitable opportunities; the abilities of the Cerberus have given the hull a new life in the trade lanes.",,,,
,,,,,,
torgue_basic_wolf,SHIP,"This ship has been refitted by the Torgue smiths and features heavier armor plating, increased overall performance and unique systems.
A technologically advanced frigate with an efficient shield generator and an impressive weapons package that allows it to punch far above its weight. These same characteristics mean its frigate-grade power core struggles to keep up, making careful flux management a priority.",,,,
,,,,,,
torgue_advanced_wolf,SHIP,"This ship has been refitted by the Torgue smiths and features heavier armor plating, increased overall performance and unique systems.
A technologically advanced frigate with an efficient shield generator and an impressive weapons package that allows it to punch far above its weight. These same characteristics mean its frigate-grade power core struggles to keep up, making careful flux management a priority.",,,,
,,,,,,
torgue_expert_wolf,SHIP,"This ship has been refitted by the Torgue smiths and features heavier armor plating, increased overall performance and unique systems.
A technologically advanced frigate with an efficient shield generator and an impressive weapons package that allows it to punch far above its weight. These same characteristics mean its frigate-grade power core struggles to keep up, making careful flux management a priority.",,,,
,,,,,,
torgue_basic_phase_harbinger,SHIP,"This ship has been refitted by the Torgue smiths and features heavier armor plating, increased overall performance and unique systems.
A deadly phase destroyer feared and scorned by those crews who have suffered the misfortune of facing it in battle. The Harbinger possesses a device which allows it to briefly disable enemy ships, creating openings that it - or its allies - can exploit.

""The Tri-Tachyon Corporation denies allegations of ongoing involvement in phasing experiments, much less the - and I quote - 'clandestine development and operation of phase warships' which would of course be in direct violation of the Treaty of Thule. It is Company policy to pursue full persecution of individuals, mercantile bodies, spiritual clades, and any registered polities committing gross and flagrant defamation to the full extent of local jurisdictional power as per the Sector Commercial Accords of Cycle 32 AC. Our legal team will be in touch.""",,,,
,,,,,,
torgue_advanced_phase_harbinger,SHIP,"This ship has been refitted by the Torgue smiths and features heavier armor plating, increased overall performance and unique systems.
A deadly phase destroyer feared and scorned by those crews who have suffered the misfortune of facing it in battle. The Harbinger possesses a device which allows it to briefly disable enemy ships, creating openings that it - or its allies - can exploit.

""The Tri-Tachyon Corporation denies allegations of ongoing involvement in phasing experiments, much less the - and I quote - 'clandestine development and operation of phase warships' which would of course be in direct violation of the Treaty of Thule. It is Company policy to pursue full persecution of individuals, mercantile bodies, spiritual clades, and any registered polities committing gross and flagrant defamation to the full extent of local jurisdictional power as per the Sector Commercial Accords of Cycle 32 AC. Our legal team will be in touch.""",,,,
,,,,,,
torgue_expert_phase_harbinger,SHIP,"This ship has been refitted by the Torgue smiths and features heavier armor plating, increased overall performance and unique systems.
A deadly phase destroyer feared and scorned by those crews who have suffered the misfortune of facing it in battle. The Harbinger possesses a device which allows it to briefly disable enemy ships, creating openings that it - or its allies - can exploit.

""The Tri-Tachyon Corporation denies allegations of ongoing involvement in phasing experiments, much less the - and I quote - 'clandestine development and operation of phase warships' which would of course be in direct violation of the Treaty of Thule. It is Company policy to pursue full persecution of individuals, mercantile bodies, spiritual clades, and any registered polities committing gross and flagrant defamation to the full extent of local jurisdictional power as per the Sector Commercial Accords of Cycle 32 AC. Our legal team will be in touch.""",,,,
,,,,,,
torgue_basic_harbinger,SHIP,"This ship has been refitted by the Torgue smiths and features heavier armor plating, increased overall performance and unique systems.
A deadly phase destroyer feared and scorned by those crews who have suffered the misfortune of facing it in battle. The Harbinger possesses a device which allows it to briefly disable enemy ships, creating openings that it - or its allies - can exploit.

""The Tri-Tachyon Corporation denies allegations of ongoing involvement in phasing experiments, much less the - and I quote - 'clandestine development and operation of phase warships' which would of course be in direct violation of the Treaty of Thule. It is Company policy to pursue full persecution of individuals, mercantile bodies, spiritual clades, and any registered polities committing gross and flagrant defamation to the full extent of local jurisdictional power as per the Sector Commercial Accords of Cycle 32 AC. Our legal team will be in touch.""",,,,
,,,,,,
torgue_advanced_harbinger,SHIP,"This ship has been refitted by the Torgue smiths and features heavier armor plating, increased overall performance and unique systems.
A deadly phase destroyer feared and scorned by those crews who have suffered the misfortune of facing it in battle. The Harbinger possesses a device which allows it to briefly disable enemy ships, creating openings that it - or its allies - can exploit.

""The Tri-Tachyon Corporation denies allegations of ongoing involvement in phasing experiments, much less the - and I quote - 'clandestine development and operation of phase warships' which would of course be in direct violation of the Treaty of Thule. It is Company policy to pursue full persecution of individuals, mercantile bodies, spiritual clades, and any registered polities committing gross and flagrant defamation to the full extent of local jurisdictional power as per the Sector Commercial Accords of Cycle 32 AC. Our legal team will be in touch.""",,,,
,,,,,,
torgue_expert_harbinger,SHIP,"This ship has been refitted by the Torgue smiths and features heavier armor plating, increased overall performance and unique systems.
A deadly phase destroyer feared and scorned by those crews who have suffered the misfortune of facing it in battle. The Harbinger possesses a device which allows it to briefly disable enemy ships, creating openings that it - or its allies - can exploit.

""The Tri-Tachyon Corporation denies allegations of ongoing involvement in phasing experiments, much less the - and I quote - 'clandestine development and operation of phase warships' which would of course be in direct violation of the Treaty of Thule. It is Company policy to pursue full persecution of individuals, mercantile bodies, spiritual clades, and any registered polities committing gross and flagrant defamation to the full extent of local jurisdictional power as per the Sector Commercial Accords of Cycle 32 AC. Our legal team will be in touch.""",,,,
,,,,,,
,,,,,,
,,,,,,
,,,,,,
torgue_basic_enforcer,SHIP,"This ship has been refitted by the Torgue smiths and features heavier armor plating, increased overall performance and unique systems.

The Enforcer-class ships commonly serve in system or convoy defense roles. The design features good armor and multiple ballistic hardpoints, while shield performance is somewhat underwhelming. 

The blueprints of the ship call for many components similar to those found in the Onslaught-class battleships, suggesting that the designs were created during a similar period of military expansion in the Domain. The Enforcer-class features similar no-nonsense weapon system design choices, tough bulkheads, and is well regarded by its crews.

Tough to beat in a destroyer to destroyer fight, the Enforcer rarely takes part in larger battles due to the common view that its low speed makes it a liability. Nonetheless, Hegemony order of battle doctrines mandate an attached Enforcer squadron as a screen for Onslaught-class battleships. The logistical ease with which shared components can be used by both ship types is exactly the type of detail that excites Hegemony Logisticarum bureaucrats.",,,,
,,,,,,
torgue_advanced_enforcer,SHIP,"This ship has been refitted by the Torgue smiths and features heavier armor plating, increased overall performance and unique systems.

The Enforcer-class ships commonly serve in system or convoy defense roles. The design features good armor and multiple ballistic hardpoints, while shield performance is somewhat underwhelming. 

The blueprints of the ship call for many components similar to those found in the Onslaught-class battleships, suggesting that the designs were created during a similar period of military expansion in the Domain. The Enforcer-class features similar no-nonsense weapon system design choices, tough bulkheads, and is well regarded by its crews.

Tough to beat in a destroyer to destroyer fight, the Enforcer rarely takes part in larger battles due to the common view that its low speed makes it a liability. Nonetheless, Hegemony order of battle doctrines mandate an attached Enforcer squadron as a screen for Onslaught-class battleships. The logistical ease with which shared components can be used by both ship types is exactly the type of detail that excites Hegemony Logisticarum bureaucrats.",,,,
,,,,,,
torgue_expert_enforcer,SHIP,"This ship has been refitted by the Torgue smiths and features heavier armor plating, increased overall performance and unique systems.

The Enforcer-class ships commonly serve in system or convoy defense roles. The design features good armor and multiple ballistic hardpoints, while shield performance is somewhat underwhelming. 

The blueprints of the ship call for many components similar to those found in the Onslaught-class battleships, suggesting that the designs were created during a similar period of military expansion in the Domain. The Enforcer-class features similar no-nonsense weapon system design choices, tough bulkheads, and is well regarded by its crews.

Tough to beat in a destroyer to destroyer fight, the Enforcer rarely takes part in larger battles due to the common view that its low speed makes it a liability. Nonetheless, Hegemony order of battle doctrines mandate an attached Enforcer squadron as a screen for Onslaught-class battleships. The logistical ease with which shared components can be used by both ship types is exactly the type of detail that excites Hegemony Logisticarum bureaucrats.",,,,
,,,,,,
torgue_basic_shrike,SHIP,"This ship has been refitted by the Torgue smiths and features heavier armor plating, increased overall performance and unique systems.

An advanced fast-attack light destroyer from the same design team as the near-ubiquitous Wolf, the Shrike's advanced propulsion system is designed to selectively vent plasma in a 'microburn' maneuver. This allows the Shrike to dart into tactical opportunities as they arise, strike, and escape before a proper counter-attack is mounted. Shields, armour, and sustained flux capacity are somewhat underwhelming due to the need to build a light yet economical hull which prioritizes attack speed, leading to the Shrike gaining the reputation as a glass cannon best entrusted to skilled captains.

Certain unique structural elements in the plasma venting system are known to, with wear, corrode in oxygen-rich atmospheres, so care must be taken to re-apply ceramopolymer coating at each hull servicing.",,,,
,,,,,,
torgue_advanced_shrike,SHIP,"This ship has been refitted by the Torgue smiths and features heavier armor plating, increased overall performance and unique systems.

An advanced fast-attack light destroyer from the same design team as the near-ubiquitous Wolf, the Shrike's advanced propulsion system is designed to selectively vent plasma in a 'microburn' maneuver. This allows the Shrike to dart into tactical opportunities as they arise, strike, and escape before a proper counter-attack is mounted. Shields, armour, and sustained flux capacity are somewhat underwhelming due to the need to build a light yet economical hull which prioritizes attack speed, leading to the Shrike gaining the reputation as a glass cannon best entrusted to skilled captains.

Certain unique structural elements in the plasma venting system are known to, with wear, corrode in oxygen-rich atmospheres, so care must be taken to re-apply ceramopolymer coating at each hull servicing.",,,,
,,,,,,
torgue_expert_shrike,SHIP,"This ship has been refitted by the Torgue smiths and features heavier armor plating, increased overall performance and unique systems.

An advanced fast-attack light destroyer from the same design team as the near-ubiquitous Wolf, the Shrike's advanced propulsion system is designed to selectively vent plasma in a 'microburn' maneuver. This allows the Shrike to dart into tactical opportunities as they arise, strike, and escape before a proper counter-attack is mounted. Shields, armour, and sustained flux capacity are somewhat underwhelming due to the need to build a light yet economical hull which prioritizes attack speed, leading to the Shrike gaining the reputation as a glass cannon best entrusted to skilled captains.

Certain unique structural elements in the plasma venting system are known to, with wear, corrode in oxygen-rich atmospheres, so care must be taken to re-apply ceramopolymer coating at each hull servicing.",,,,
,,,,,,
torgue_basic_hammerhead,SHIP,"This ship has been refitted by the Torgue smiths and features heavier armor plating, increased overall performance and unique systems.

A midline destroyer from the golden age of the Domain, the Hammerhead is respected for its staying power in battle as well as its ballistic capabilities.",,,,
,,,,,,
torgue_advanced_hammerhead,SHIP,"This ship has been refitted by the Torgue smiths and features heavier armor plating, increased overall performance and unique systems.

A midline destroyer from the golden age of the Domain, the Hammerhead is respected for its staying power in battle as well as its ballistic capabilities.",,,,
,,,,,,
torgue_expert_hammerhead,SHIP,"This ship has been refitted by the Torgue smiths and features heavier armor plating, increased overall performance and unique systems.

A midline destroyer from the golden age of the Domain, the Hammerhead is respected for its staying power in battle as well as its ballistic capabilities.",,,,
,,,,,,
torgue_basic_mule,SHIP,"This ship has been refitted by the Torgue smiths and features heavier armor plating, increased overall performance and unique systems.

The Mule-class is a tough nut to crack, which makes its designation as a combat freighter apt. Pirates will often bypass even a lone Mule and go off in search of easier prey.

Often its captains casually ferry cargo to and fro between the star systems of the Sector alone and comfortable in the knowledge that they could afford the best protection a freighter captain can hope to get, short of an escort, of course.",,,,
,,,,,,
torgue_advanced_mule,SHIP,"This ship has been refitted by the Torgue smiths and features heavier armor plating, increased overall performance and unique systems.

The Mule-class is a tough nut to crack, which makes its designation as a combat freighter apt. Pirates will often bypass even a lone Mule and go off in search of easier prey.

Often its captains casually ferry cargo to and fro between the star systems of the Sector alone and comfortable in the knowledge that they could afford the best protection a freighter captain can hope to get, short of an escort, of course.",,,,
,,,,,,
torgue_expert_mule,SHIP,"This ship has been refitted by the Torgue smiths and features heavier armor plating, increased overall performance and unique systems.

The Mule-class is a tough nut to crack, which makes its designation as a combat freighter apt. Pirates will often bypass even a lone Mule and go off in search of easier prey.

Often its captains casually ferry cargo to and fro between the star systems of the Sector alone and comfortable in the knowledge that they could afford the best protection a freighter captain can hope to get, short of an escort, of course.",,,,
,,,,,,
torgue_basic_medusa,SHIP,"This ship has been refitted by the Torgue smiths and features heavier armor plating, increased overall performance and unique systems.

A fearsome ship whose top tier engines provide great speed and maneuverability for a destroyer. Multiple energy weapon slots allow for a plethora of tactical possibilities. Its best-in-class performance is matched by a demanding logistical profile that has led some fleet commanders to eschew its use in favor of other ships that can be deployed more frequently and cheaply.

The Medusa is one of the most respected destroyers in the sector due to its association with black ops and elite pirates. The few that have been aboard a Medusa can attest to its extreme level of technological sophistication. Medusa-class blueprints are few in number and are some of the rarest and most closely guarded data in the Sector.

Deemed too expensive to mass produce by most corporations and governments, it is rarely employed by the lawful authorities as a black ops cruiser. On the rarest occasion, a Medusa-class hull may fall into the hands of pirates. The usual results are a drastic reduction in system small to medium shipping, which puts a strain on most planetary and outpost economies.

Sector naval tacticians have few answers for the threat that the Medusa presents.",,,,
,,,,,,
torgue_advanced_medusa,SHIP,"This ship has been refitted by the Torgue smiths and features heavier armor plating, increased overall performance and unique systems.

A fearsome ship whose top tier engines provide great speed and maneuverability for a destroyer. Multiple energy weapon slots allow for a plethora of tactical possibilities. Its best-in-class performance is matched by a demanding logistical profile that has led some fleet commanders to eschew its use in favor of other ships that can be deployed more frequently and cheaply.

The Medusa is one of the most respected destroyers in the sector due to its association with black ops and elite pirates. The few that have been aboard a Medusa can attest to its extreme level of technological sophistication. Medusa-class blueprints are few in number and are some of the rarest and most closely guarded data in the Sector.

Deemed too expensive to mass produce by most corporations and governments, it is rarely employed by the lawful authorities as a black ops cruiser. On the rarest occasion, a Medusa-class hull may fall into the hands of pirates. The usual results are a drastic reduction in system small to medium shipping, which puts a strain on most planetary and outpost economies.

Sector naval tacticians have few answers for the threat that the Medusa presents.",,,,
,,,,,,
torgue_expert_medusa,SHIP,"This ship has been refitted by the Torgue smiths and features heavier armor plating, increased overall performance and unique systems.

A fearsome ship whose top tier engines provide great speed and maneuverability for a destroyer. Multiple energy weapon slots allow for a plethora of tactical possibilities. Its best-in-class performance is matched by a demanding logistical profile that has led some fleet commanders to eschew its use in favor of other ships that can be deployed more frequently and cheaply.

The Medusa is one of the most respected destroyers in the sector due to its association with black ops and elite pirates. The few that have been aboard a Medusa can attest to its extreme level of technological sophistication. Medusa-class blueprints are few in number and are some of the rarest and most closely guarded data in the Sector.

Deemed too expensive to mass produce by most corporations and governments, it is rarely employed by the lawful authorities as a black ops cruiser. On the rarest occasion, a Medusa-class hull may fall into the hands of pirates. The usual results are a drastic reduction in system small to medium shipping, which puts a strain on most planetary and outpost economies.

Sector naval tacticians have few answers for the threat that the Medusa presents.",,,,
,,,,,,
torgue_basic_sunder,SHIP,"This ship has been refitted by the Torgue smiths and features heavier armor plating, increased overall performance and unique systems.

A technologically advanced yet fragile destroyer from the late Domain era designed to provide additional firepower in fleet actions carried out by the stretched Domain Navy rather than serve on independent patrols. It has powerful shield emitters and energy weapons but is vulnerable to strike craft and flanking assault frigates.",,,,
,,,,,,
torgue_advanced_sunder,SHIP,"This ship has been refitted by the Torgue smiths and features heavier armor plating, increased overall performance and unique systems.

A technologically advanced yet fragile destroyer from the late Domain era designed to provide additional firepower in fleet actions carried out by the stretched Domain Navy rather than serve on independent patrols. It has powerful shield emitters and energy weapons but is vulnerable to strike craft and flanking assault frigates.",,,,
,,,,,,
torgue_expert_sunder,SHIP,"This ship has been refitted by the Torgue smiths and features heavier armor plating, increased overall performance and unique systems.

A technologically advanced yet fragile destroyer from the late Domain era designed to provide additional firepower in fleet actions carried out by the stretched Domain Navy rather than serve on independent patrols. It has powerful shield emitters and energy weapons but is vulnerable to strike craft and flanking assault frigates.",,,,
,,,,,,
torgue_basic_dominator,SHIP,"This ship has been refitted by the Torgue smiths and features heavier armor plating, increased overall performance and unique systems.
Ponderous and menacing, the Dominator-class is one of the most widespread system defense cruisers in Hegemony space. 

While not the most technologically advanced hull, it relies on a plethora of ballistic hardpoints to accomplish its mission, which is more often than not defending orbital installations and vital points of intra-system trade routes. A poor shield emitter which is difficult to manage and thus, rarely engaged, gives way to an almost impregnable interlocking armor belt system making the Dominator safe from most weapons. Even strike craft cannot overcome the hail of projectiles that can be launched to intercept their payloads. This hull proves that tried and true military engineering is difficult to overcome by new ideas and technologies, especially when in the hands of tough, determined crews and experienced officers.

Dependable, durable, and a constant presence in home space around civilized worlds and outposts, the Dominator is perhaps most hated and feared by pirates and law-breaking corporate agents. ",,,,
,,,,,,
torgue_advanced_dominator,SHIP,"This ship has been refitted by the Torgue smiths and features heavier armor plating, increased overall performance and unique systems.
Ponderous and menacing, the Dominator-class is one of the most widespread system defense cruisers in Hegemony space. 

While not the most technologically advanced hull, it relies on a plethora of ballistic hardpoints to accomplish its mission, which is more often than not defending orbital installations and vital points of intra-system trade routes. A poor shield emitter which is difficult to manage and thus, rarely engaged, gives way to an almost impregnable interlocking armor belt system making the Dominator safe from most weapons. Even strike craft cannot overcome the hail of projectiles that can be launched to intercept their payloads. This hull proves that tried and true military engineering is difficult to overcome by new ideas and technologies, especially when in the hands of tough, determined crews and experienced officers.

Dependable, durable, and a constant presence in home space around civilized worlds and outposts, the Dominator is perhaps most hated and feared by pirates and law-breaking corporate agents. ",,,,
,,,,,,
torgue_expert_dominator,SHIP,"This ship has been refitted by the Torgue smiths and features heavier armor plating, increased overall performance and unique systems.
Ponderous and menacing, the Dominator-class is one of the most widespread system defense cruisers in Hegemony space. 

While not the most technologically advanced hull, it relies on a plethora of ballistic hardpoints to accomplish its mission, which is more often than not defending orbital installations and vital points of intra-system trade routes. A poor shield emitter which is difficult to manage and thus, rarely engaged, gives way to an almost impregnable interlocking armor belt system making the Dominator safe from most weapons. Even strike craft cannot overcome the hail of projectiles that can be launched to intercept their payloads. This hull proves that tried and true military engineering is difficult to overcome by new ideas and technologies, especially when in the hands of tough, determined crews and experienced officers.

Dependable, durable, and a constant presence in home space around civilized worlds and outposts, the Dominator is perhaps most hated and feared by pirates and law-breaking corporate agents. ",,,,
,,,,,,
torgue_basic_eagle,SHIP,"This ship has been refitted by the Torgue smiths and features heavier armor plating, increased overall performance and unique systems.
Eagle-class cruisers are often found at the core of military fleets headed for battle. It is not hard to see why: A strong overall profile, with a robust engine, the Eagle's deadly weapons package is a threat to all enemies.

The Eagle can deliver a strong tactical punch to enemy formations. Its numerous turret and hardpoint emplacements make it very dangerous to smaller foes. Decent armor and a strong shield emitter let it hold space while outnumbered, or even when faced with the rare larger ship. 

These strengths are somewhat countered by strike craft - an Eagle captain must always watch their scopes for an approaching strike squadron, since their ship will be easily crippled by multiple hits from modern strike weapons. 

The embodiment of the sleek and powerful space cruiser from the time of the Domain, the Eagle-class ships are a beautiful reminder of the technological and aesthetic achievements of humanity's past. ","Agile for a cruiser, the Eagle is difficult to flank and has impressive and focused frontal firepower.",,,
,,,,,,
torgue_advanced_eagle,SHIP,"This ship has been refitted by the Torgue smiths and features heavier armor plating, increased overall performance and unique systems.
Eagle-class cruisers are often found at the core of military fleets headed for battle. It is not hard to see why: A strong overall profile, with a robust engine, the Eagle's deadly weapons package is a threat to all enemies.

The Eagle can deliver a strong tactical punch to enemy formations. Its numerous turret and hardpoint emplacements make it very dangerous to smaller foes. Decent armor and a strong shield emitter let it hold space while outnumbered, or even when faced with the rare larger ship. 

These strengths are somewhat countered by strike craft - an Eagle captain must always watch their scopes for an approaching strike squadron, since their ship will be easily crippled by multiple hits from modern strike weapons. 

The embodiment of the sleek and powerful space cruiser from the time of the Domain, the Eagle-class ships are a beautiful reminder of the technological and aesthetic achievements of humanity's past. ","Agile for a cruiser, the Eagle is difficult to flank and has impressive and focused frontal firepower.",,,
,,,,,,
torgue_expert_eagle,SHIP,"This ship has been refitted by the Torgue smiths and features heavier armor plating, increased overall performance and unique systems.
Eagle-class cruisers are often found at the core of military fleets headed for battle. It is not hard to see why: A strong overall profile, with a robust engine, the Eagle's deadly weapons package is a threat to all enemies.

The Eagle can deliver a strong tactical punch to enemy formations. Its numerous turret and hardpoint emplacements make it very dangerous to smaller foes. Decent armor and a strong shield emitter let it hold space while outnumbered, or even when faced with the rare larger ship. 

These strengths are somewhat countered by strike craft - an Eagle captain must always watch their scopes for an approaching strike squadron, since their ship will be easily crippled by multiple hits from modern strike weapons. 

The embodiment of the sleek and powerful space cruiser from the time of the Domain, the Eagle-class ships are a beautiful reminder of the technological and aesthetic achievements of humanity's past. ","Agile for a cruiser, the Eagle is difficult to flank and has impressive and focused frontal firepower.",,,
,,,,,,
torgue_basic_apogee,SHIP,"This ship has been refitted by the Torgue smiths and features heavier armor plating, increased overall performance and unique systems.
The Apogee-class vessel is an effective mix of advanced scientific and military technologies, perfect for long-range exploration of hostile space. 

The class features an asymmetric design with a large forward section, usually outfitted with long-range tech scanners. Apogee captains are used to operating alone and tend to be an independent, self-reliant lot. 

The ship can hold its own in one-on-one engagements by smart use of its powerful shield emitter and strong engines. However, its armor rating makes it seem somewhat fragile on paper, and thus it is rarely part of big fleet actions.

The high construction costs typically mean that only affluent tech mining consortiums can afford an Apogee-class vessel that is fully outfitted for an aggressive exploratory role.",,,,
,,,,,,
torgue_advanced_apogee,SHIP,"This ship has been refitted by the Torgue smiths and features heavier armor plating, increased overall performance and unique systems.
The Apogee-class vessel is an effective mix of advanced scientific and military technologies, perfect for long-range exploration of hostile space. 

The class features an asymmetric design with a large forward section, usually outfitted with long-range tech scanners. Apogee captains are used to operating alone and tend to be an independent, self-reliant lot. 

The ship can hold its own in one-on-one engagements by smart use of its powerful shield emitter and strong engines. However, its armor rating makes it seem somewhat fragile on paper, and thus it is rarely part of big fleet actions.

The high construction costs typically mean that only affluent tech mining consortiums can afford an Apogee-class vessel that is fully outfitted for an aggressive exploratory role.",,,,
,,,,,,
torgue_expert_apogee,SHIP,"This ship has been refitted by the Torgue smiths and features heavier armor plating, increased overall performance and unique systems.
The Apogee-class vessel is an effective mix of advanced scientific and military technologies, perfect for long-range exploration of hostile space. 

The class features an asymmetric design with a large forward section, usually outfitted with long-range tech scanners. Apogee captains are used to operating alone and tend to be an independent, self-reliant lot. 

The ship can hold its own in one-on-one engagements by smart use of its powerful shield emitter and strong engines. However, its armor rating makes it seem somewhat fragile on paper, and thus it is rarely part of big fleet actions.

The high construction costs typically mean that only affluent tech mining consortiums can afford an Apogee-class vessel that is fully outfitted for an aggressive exploratory role.",,,,
,,,,,,
torgue_basic_venture,SHIP,"This ship has been refitted by the Torgue smiths and features heavier armor plating, increased overall performance and unique systems.
Tough, dependable and not overly expensive, Venture-class cruisers are usually constructed by private corporations for escort duty or by small non-aligned worlds for system defense.

The Venture-class ships are perhaps the most widely used civilian cruisers in the Sector. The blueprints for the Venture are widely available and can often be secured without too much trouble. 

When used by small corporations, the ship is usually the pride of the fleet and is used to underpin vital operations. Due to its ubiquity, the vessel also serves with quite a few pirate outfits, where it sometimes fills the role of command ship.","Tough and dependable, the Venture is usually fitted with a good missile complement but lacks the sustained damage output needed to do well in prolonged engagements. A built-in mining drone bay provides additional defenses - a particularly good thing because the civilian-grade power generators make the shields easy to overwhelm.",,,
torgue_advanced_venture,SHIP,"This ship has been refitted by the Torgue smiths and features heavier armor plating, increased overall performance and unique systems.
Tough, dependable and not overly expensive, Venture-class cruisers are usually constructed by private corporations for escort duty or by small non-aligned worlds for system defense.

The Venture-class ships are perhaps the most widely used civilian cruisers in the Sector. The blueprints for the Venture are widely available and can often be secured without too much trouble. 

When used by small corporations, the ship is usually the pride of the fleet and is used to underpin vital operations. Due to its ubiquity, the vessel also serves with quite a few pirate outfits, where it sometimes fills the role of command ship.","Tough and dependable, the Venture is usually fitted with a good missile complement but lacks the sustained damage output needed to do well in prolonged engagements. A built-in mining drone bay provides additional defenses - a particularly good thing because the civilian-grade power generators make the shields easy to overwhelm.",,,
torgue_expert_venture,SHIP,"This ship has been refitted by the Torgue smiths and features heavier armor plating, increased overall performance and unique systems.
Tough, dependable and not overly expensive, Venture-class cruisers are usually constructed by private corporations for escort duty or by small non-aligned worlds for system defense.

The Venture-class ships are perhaps the most widely used civilian cruisers in the Sector. The blueprints for the Venture are widely available and can often be secured without too much trouble. 

When used by small corporations, the ship is usually the pride of the fleet and is used to underpin vital operations. Due to its ubiquity, the vessel also serves with quite a few pirate outfits, where it sometimes fills the role of command ship.","Tough and dependable, the Venture is usually fitted with a good missile complement but lacks the sustained damage output needed to do well in prolonged engagements. A built-in mining drone bay provides additional defenses - a particularly good thing because the civilian-grade power generators make the shields easy to overwhelm.",,,
,,,,,,
torgue_basic_champion,SHIP,"This ship has been refitted by the Torgue smiths and features heavier armor plating, increased overall performance and unique systems.

The Champion-class heavy cruiser is a versatile warship featuring a range of powerful energy weapons; the crowning element is a heavy energy turret mounting, rare among midline ships. This offensive array is backed by a robust energy grid capable of supercharging the energy weapon loadout, increasing damage output to devastating levels. A heavy missile hardpoint complements the loadout by enabling the Champion to unleash a crippling strike without taxing flux levels. The Champion is a solid and capable contender, able to face capital ships on the battle-line.

A relatively recent design, the Champion is a product of the historically recent ""Cruiser School"" naval revolution that never saw active service in the pre-collapse Domain Armada. Although prototypes were constructed and forge-ready specifications distributed to several battlegroups, the Champion was never cleared for active deployment due to an ongoing lawsuit between Altair Exotech and Orion Shipyards. Each megacorp accused the other of industrial espionage and innappropriately influencing the Armada officers overseeing the procurement process. The truth was more complex, inflaming longstanding rivalries in the officer corps as the investigatory committee called witness after witness. The Collapse prevented any sort of conclusive ruling from reaching the Persean Sector however, and now the entire matter is considered irrelevant. With the discovery of Champion plans on a Domain armaments courier, the warship was quickly put into service by the fleet of the Persean League, among others.",,,,
,,,,,,
torgue_advanced_champion,SHIP,"This ship has been refitted by the Torgue smiths and features heavier armor plating, increased overall performance and unique systems.

The Champion-class heavy cruiser is a versatile warship featuring a range of powerful energy weapons; the crowning element is a heavy energy turret mounting, rare among midline ships. This offensive array is backed by a robust energy grid capable of supercharging the energy weapon loadout, increasing damage output to devastating levels. A heavy missile hardpoint complements the loadout by enabling the Champion to unleash a crippling strike without taxing flux levels. The Champion is a solid and capable contender, able to face capital ships on the battle-line.

A relatively recent design, the Champion is a product of the historically recent ""Cruiser School"" naval revolution that never saw active service in the pre-collapse Domain Armada. Although prototypes were constructed and forge-ready specifications distributed to several battlegroups, the Champion was never cleared for active deployment due to an ongoing lawsuit between Altair Exotech and Orion Shipyards. Each megacorp accused the other of industrial espionage and innappropriately influencing the Armada officers overseeing the procurement process. The truth was more complex, inflaming longstanding rivalries in the officer corps as the investigatory committee called witness after witness. The Collapse prevented any sort of conclusive ruling from reaching the Persean Sector however, and now the entire matter is considered irrelevant. With the discovery of Champion plans on a Domain armaments courier, the warship was quickly put into service by the fleet of the Persean League, among others.",,,,
,,,,,,
torgue_expert_champion,SHIP,"This ship has been refitted by the Torgue smiths and features heavier armor plating, increased overall performance and unique systems.

The Champion-class heavy cruiser is a versatile warship featuring a range of powerful energy weapons; the crowning element is a heavy energy turret mounting, rare among midline ships. This offensive array is backed by a robust energy grid capable of supercharging the energy weapon loadout, increasing damage output to devastating levels. A heavy missile hardpoint complements the loadout by enabling the Champion to unleash a crippling strike without taxing flux levels. The Champion is a solid and capable contender, able to face capital ships on the battle-line.

A relatively recent design, the Champion is a product of the historically recent ""Cruiser School"" naval revolution that never saw active service in the pre-collapse Domain Armada. Although prototypes were constructed and forge-ready specifications distributed to several battlegroups, the Champion was never cleared for active deployment due to an ongoing lawsuit between Altair Exotech and Orion Shipyards. Each megacorp accused the other of industrial espionage and innappropriately influencing the Armada officers overseeing the procurement process. The truth was more complex, inflaming longstanding rivalries in the officer corps as the investigatory committee called witness after witness. The Collapse prevented any sort of conclusive ruling from reaching the Persean Sector however, and now the entire matter is considered irrelevant. With the discovery of Champion plans on a Domain armaments courier, the warship was quickly put into service by the fleet of the Persean League, among others.",,,,
,,,,,,
torgue_basic_aurora,SHIP,"This ship has been refitted by the Torgue smiths and features heavier armor plating, increased overall performance and unique systems.

The Aurora-class cruiser is a technological marvel, rarely seen. Among the fastest and most maneuverable cruisers in the Sector, it is also one of the safest due to its wide shield coverage. 

One can only wonder what the Domain Navy could accomplish with a fleet of these sleek, asymmetric, and eminently effective vessels. The shields are backed up by hyper-advanced flux dissipation systems installed throughout the hull, which gives the Aurora a deep flux pool.

Most blueprints required to manufacture Aurora-class ships are closely guarded corporate secrets, but a few have also seen service in Tri-Tachyon fleets and, rarely, in the hands of enterprising mercenary captains.

Few ships can outperform the Aurora ton for ton. Its only weakness is its prohibitive cost.",,,,
,,,,,,
torgue_advanced_aurora,SHIP,"This ship has been refitted by the Torgue smiths and features heavier armor plating, increased overall performance and unique systems.

The Aurora-class cruiser is a technological marvel, rarely seen. Among the fastest and most maneuverable cruisers in the Sector, it is also one of the safest due to its wide shield coverage. 

One can only wonder what the Domain Navy could accomplish with a fleet of these sleek, asymmetric, and eminently effective vessels. The shields are backed up by hyper-advanced flux dissipation systems installed throughout the hull, which gives the Aurora a deep flux pool.

Most blueprints required to manufacture Aurora-class ships are closely guarded corporate secrets, but a few have also seen service in Tri-Tachyon fleets and, rarely, in the hands of enterprising mercenary captains.

Few ships can outperform the Aurora ton for ton. Its only weakness is its prohibitive cost.",,,,
,,,,,,
torgue_expert_aurora,SHIP,"This ship has been refitted by the Torgue smiths and features heavier armor plating, increased overall performance and unique systems.

The Aurora-class cruiser is a technological marvel, rarely seen. Among the fastest and most maneuverable cruisers in the Sector, it is also one of the safest due to its wide shield coverage. 

One can only wonder what the Domain Navy could accomplish with a fleet of these sleek, asymmetric, and eminently effective vessels. The shields are backed up by hyper-advanced flux dissipation systems installed throughout the hull, which gives the Aurora a deep flux pool.

Most blueprints required to manufacture Aurora-class ships are closely guarded corporate secrets, but a few have also seen service in Tri-Tachyon fleets and, rarely, in the hands of enterprising mercenary captains.

Few ships can outperform the Aurora ton for ton. Its only weakness is its prohibitive cost.",,,,
,,,,,,
torgue_basic_phase_doom,SHIP,"This ship has been refitted by the Torgue smiths and features heavier armor plating, increased overall performance and unique systems.

Designed when phase technology was generally unknown and phase detectors were not a standard of every sensor package, this cruiser has lost the advantage of surprise - but retains a dangerous and flexible weapons loadout. 

Certain unnerving psychological phenomena have been reported by sensitive crew members after enduring many rapid phase-shifts in combat conditions. Domain Navy reports on the subject were never declassified and are thought to have been lost since the Collapse.",,,,
torgue_advanced_phase_doom,SHIP,"This ship has been refitted by the Torgue smiths and features heavier armor plating, increased overall performance and unique systems.

Designed when phase technology was generally unknown and phase detectors were not a standard of every sensor package, this cruiser has lost the advantage of surprise - but retains a dangerous and flexible weapons loadout. 

Certain unnerving psychological phenomena have been reported by sensitive crew members after enduring many rapid phase-shifts in combat conditions. Domain Navy reports on the subject were never declassified and are thought to have been lost since the Collapse.",,,,
torgue_expert_phase_doom,SHIP,"This ship has been refitted by the Torgue smiths and features heavier armor plating, increased overall performance and unique systems.

Designed when phase technology was generally unknown and phase detectors were not a standard of every sensor package, this cruiser has lost the advantage of surprise - but retains a dangerous and flexible weapons loadout. 

Certain unnerving psychological phenomena have been reported by sensitive crew members after enduring many rapid phase-shifts in combat conditions. Domain Navy reports on the subject were never declassified and are thought to have been lost since the Collapse.",,,,
,,,,,,
torgue_basic_doom,SHIP,"This ship has been refitted by the Torgue smiths and features heavier armor plating, increased overall performance and unique systems.

Designed when phase technology was generally unknown and phase detectors were not a standard of every sensor package, this cruiser has lost the advantage of surprise - but retains a dangerous and flexible weapons loadout. 

Certain unnerving psychological phenomena have been reported by sensitive crew members after enduring many rapid phase-shifts in combat conditions. Domain Navy reports on the subject were never declassified and are thought to have been lost since the Collapse.",,,,
torgue_advanced_doom,SHIP,"This ship has been refitted by the Torgue smiths and features heavier armor plating, increased overall performance and unique systems.

Designed when phase technology was generally unknown and phase detectors were not a standard of every sensor package, this cruiser has lost the advantage of surprise - but retains a dangerous and flexible weapons loadout. 

Certain unnerving psychological phenomena have been reported by sensitive crew members after enduring many rapid phase-shifts in combat conditions. Domain Navy reports on the subject were never declassified and are thought to have been lost since the Collapse.",,,,
torgue_expert_doom,SHIP,"This ship has been refitted by the Torgue smiths and features heavier armor plating, increased overall performance and unique systems.

Designed when phase technology was generally unknown and phase detectors were not a standard of every sensor package, this cruiser has lost the advantage of surprise - but retains a dangerous and flexible weapons loadout. 

Certain unnerving psychological phenomena have been reported by sensitive crew members after enduring many rapid phase-shifts in combat conditions. Domain Navy reports on the subject were never declassified and are thought to have been lost since the Collapse.",,,,
,,,,,,
torgue_basic_onslaught,SHIP,"This ship has been refitted by the Torgue smiths and features heavier armor plating, increased overall performance and unique systems.

A venerable design, the Onslaught-class battleships were first created to serve the Domain Armada long ago, before the development of advanced strike weapons, modern energy weapons, and shield systems. 

When first launched from orbital dock, they must have surely dwarfed any other ship in existence and intimidated entire systems. Some even say that they were built to combat non-humans in a long forgotten war. Much later, Domain engineers made modifications to the blueprints to include a shield system, upgraded the FTL drives, and reduced the necessary crew complement through automation and iterative engineering. Even though more advanced blueprints are available, the Onslaught remains the easiest to manufacture due to the brutal simplicity of its systems. 

A ship designed without shields in mind, built to be able to withstand a heavy barrage of enemy fire and strike back while protecting its crew is much loved by its officers and crew. And strike back it can; the Onslaught's unmatched ballistic potential can devastate entire fleets in minutes, its only drawback a logistical dependency on ammunition. 

The Onslaught-class proudly serves as the backbone of the Hegemony Navy.",,,,
,,,,,,
torgue_advanced_onslaught,SHIP,"This ship has been refitted by the Torgue smiths and features heavier armor plating, increased overall performance and unique systems.

A venerable design, the Onslaught-class battleships were first created to serve the Domain Armada long ago, before the development of advanced strike weapons, modern energy weapons, and shield systems. 

When first launched from orbital dock, they must have surely dwarfed any other ship in existence and intimidated entire systems. Some even say that they were built to combat non-humans in a long forgotten war. Much later, Domain engineers made modifications to the blueprints to include a shield system, upgraded the FTL drives, and reduced the necessary crew complement through automation and iterative engineering. Even though more advanced blueprints are available, the Onslaught remains the easiest to manufacture due to the brutal simplicity of its systems. 

A ship designed without shields in mind, built to be able to withstand a heavy barrage of enemy fire and strike back while protecting its crew is much loved by its officers and crew. And strike back it can; the Onslaught's unmatched ballistic potential can devastate entire fleets in minutes, its only drawback a logistical dependency on ammunition. 

The Onslaught-class proudly serves as the backbone of the Hegemony Navy.",,,,
,,,,,,
torgue_expert_onslaught,SHIP,"This ship has been refitted by the Torgue smiths and features heavier armor plating, increased overall performance and unique systems.

A venerable design, the Onslaught-class battleships were first created to serve the Domain Armada long ago, before the development of advanced strike weapons, modern energy weapons, and shield systems. 

When first launched from orbital dock, they must have surely dwarfed any other ship in existence and intimidated entire systems. Some even say that they were built to combat non-humans in a long forgotten war. Much later, Domain engineers made modifications to the blueprints to include a shield system, upgraded the FTL drives, and reduced the necessary crew complement through automation and iterative engineering. Even though more advanced blueprints are available, the Onslaught remains the easiest to manufacture due to the brutal simplicity of its systems. 

A ship designed without shields in mind, built to be able to withstand a heavy barrage of enemy fire and strike back while protecting its crew is much loved by its officers and crew. And strike back it can; the Onslaught's unmatched ballistic potential can devastate entire fleets in minutes, its only drawback a logistical dependency on ammunition. 

The Onslaught-class proudly serves as the backbone of the Hegemony Navy.",,,,
,,,,,,
torgue_basic_conquest,SHIP,"This ship has been refitted by the Torgue smiths and features heavier armor plating, increased overall performance and unique systems.

The Conquest-class battlecruiser is the embodiment of concentrated firepower. Developed in the period just preceding the popularization of fighter craft, the class emphasizes firepower and speed over armor protection.

Space Naval tacticians of the day were confident that new weapons systems would always outperform armor and shields and thus were the key to winning an engagement. So why not build a ship for speed and power? Give it the armor protection of a cruiser, but arm it with the best weapons available to any ship, and have it remain faster than any of those lumbering behemoths of the line. The Conquest is a good example of these concepts put into a hull. Many other advanced technologies were incorporated into the design, including weapon mounts designed for a circling engagement. This maneuver requires greater navigational skill while serving to provide more tactical options to the commanding officers. 

Fortune favors the bold, the ancients said. This class of ships does indeed favor the bold captain, willing to risk everything for the thrill of victory.",,,,
,,,,,,
torgue_advanced_conquest,SHIP,"This ship has been refitted by the Torgue smiths and features heavier armor plating, increased overall performance and unique systems.

The Conquest-class battlecruiser is the embodiment of concentrated firepower. Developed in the period just preceding the popularization of fighter craft, the class emphasizes firepower and speed over armor protection.

Space Naval tacticians of the day were confident that new weapons systems would always outperform armor and shields and thus were the key to winning an engagement. So why not build a ship for speed and power? Give it the armor protection of a cruiser, but arm it with the best weapons available to any ship, and have it remain faster than any of those lumbering behemoths of the line. The Conquest is a good example of these concepts put into a hull. Many other advanced technologies were incorporated into the design, including weapon mounts designed for a circling engagement. This maneuver requires greater navigational skill while serving to provide more tactical options to the commanding officers. 

Fortune favors the bold, the ancients said. This class of ships does indeed favor the bold captain, willing to risk everything for the thrill of victory.",,,,
,,,,,,
torgue_expert_conquest,SHIP,"This ship has been refitted by the Torgue smiths and features heavier armor plating, increased overall performance and unique systems.

The Conquest-class battlecruiser is the embodiment of concentrated firepower. Developed in the period just preceding the popularization of fighter craft, the class emphasizes firepower and speed over armor protection.

Space Naval tacticians of the day were confident that new weapons systems would always outperform armor and shields and thus were the key to winning an engagement. So why not build a ship for speed and power? Give it the armor protection of a cruiser, but arm it with the best weapons available to any ship, and have it remain faster than any of those lumbering behemoths of the line. The Conquest is a good example of these concepts put into a hull. Many other advanced technologies were incorporated into the design, including weapon mounts designed for a circling engagement. This maneuver requires greater navigational skill while serving to provide more tactical options to the commanding officers. 

Fortune favors the bold, the ancients said. This class of ships does indeed favor the bold captain, willing to risk everything for the thrill of victory.",,,,
,,,,,,
torgue_basic_paragon,SHIP,"This ship has been refitted by the Torgue smiths and features heavier armor plating, increased overall performance and unique systems.

The pinnacle of the Domain's battleship designs, though perhaps less the result of military necessity and more of the ambitions of certain senior strategic staff of the Domain Navy - with considerable backing from the Tri-Tachyon corporation, among other major contractors.

No ship can outlast or outgun the Paragon-class, a true Leviathan of a bygone epoch.",,,,
,,,,,,
torgue_advanced_paragon,SHIP,"This ship has been refitted by the Torgue smiths and features heavier armor plating, increased overall performance and unique systems.

The pinnacle of the Domain's battleship designs, though perhaps less the result of military necessity and more of the ambitions of certain senior strategic staff of the Domain Navy - with considerable backing from the Tri-Tachyon corporation, among other major contractors.

No ship can outlast or outgun the Paragon-class, a true Leviathan of a bygone epoch.",,,,
,,,,,,
torgue_expert_paragon,SHIP,"This ship has been refitted by the Torgue smiths and features heavier armor plating, increased overall performance and unique systems.

The pinnacle of the Domain's battleship designs, though perhaps less the result of military necessity and more of the ambitions of certain senior strategic staff of the Domain Navy - with considerable backing from the Tri-Tachyon corporation, among other major contractors.

No ship can outlast or outgun the Paragon-class, a true Leviathan of a bygone epoch.",,,,
,,,,,,
torgue_basic_legion,SHIP,"This ship has been refitted by the Torgue smiths and features heavier armor plating, increased overall performance and unique systems.

Classified as a battlecarrier, the Legion mounts an impressive array of heavy weapons, hangar-space, and command-control sufficient to field four fighter wings. Later models were upgraded with nanoforges keyed to replacement of fightercraft, significantly increasing tooth-to-tail ratio on distant deployments.

After the legendary success of the Onslaught design it became clear that rebellious systems without ultra-heavy industry were able to develop carrier-based strike-craft capable of countering the 'Old Man' of the Armada. Alongside new weapons - nimble anti-fighter missiles and rapid-tracking point defense cannon - the Strategic Council decided to deploy a carrier worthy of service alongside the Onslaught. Thus the Legion was designed to provide a platform for interceptors and strike-craft while standing on the line of battle. 

Proponents of the 'Cruiser School' criticized the Legion for insufficient specialization, maintaining that similar fighter volume can be fielded at less cost and greater flexibility if combat roles are separated into distinct ship hulls. These economic arguments do pale in the face of an incoming Legion engaging its burn drive to deliver crushing firepower at the key point of battle.",,,,
,,,,,,
torgue_advanced_legion,SHIP,"This ship has been refitted by the Torgue smiths and features heavier armor plating, increased overall performance and unique systems.

Classified as a battlecarrier, the Legion mounts an impressive array of heavy weapons, hangar-space, and command-control sufficient to field four fighter wings. Later models were upgraded with nanoforges keyed to replacement of fightercraft, significantly increasing tooth-to-tail ratio on distant deployments.

After the legendary success of the Onslaught design it became clear that rebellious systems without ultra-heavy industry were able to develop carrier-based strike-craft capable of countering the 'Old Man' of the Armada. Alongside new weapons - nimble anti-fighter missiles and rapid-tracking point defense cannon - the Strategic Council decided to deploy a carrier worthy of service alongside the Onslaught. Thus the Legion was designed to provide a platform for interceptors and strike-craft while standing on the line of battle. 

Proponents of the 'Cruiser School' criticized the Legion for insufficient specialization, maintaining that similar fighter volume can be fielded at less cost and greater flexibility if combat roles are separated into distinct ship hulls. These economic arguments do pale in the face of an incoming Legion engaging its burn drive to deliver crushing firepower at the key point of battle.",,,,
,,,,,,
torgue_expert_legion,SHIP,"This ship has been refitted by the Torgue smiths and features heavier armor plating, increased overall performance and unique systems.

Classified as a battlecarrier, the Legion mounts an impressive array of heavy weapons, hangar-space, and command-control sufficient to field four fighter wings. Later models were upgraded with nanoforges keyed to replacement of fightercraft, significantly increasing tooth-to-tail ratio on distant deployments.

After the legendary success of the Onslaught design it became clear that rebellious systems without ultra-heavy industry were able to develop carrier-based strike-craft capable of countering the 'Old Man' of the Armada. Alongside new weapons - nimble anti-fighter missiles and rapid-tracking point defense cannon - the Strategic Council decided to deploy a carrier worthy of service alongside the Onslaught. Thus the Legion was designed to provide a platform for interceptors and strike-craft while standing on the line of battle. 

Proponents of the 'Cruiser School' criticized the Legion for insufficient specialization, maintaining that similar fighter volume can be fielded at less cost and greater flexibility if combat roles are separated into distinct ship hulls. These economic arguments do pale in the face of an incoming Legion engaging its burn drive to deliver crushing firepower at the key point of battle.",,,,
,,,,,,
torgue_basic_odyssey,SHIP,"This ship has been refitted by the Torgue smiths and features heavier armor plating, increased overall performance and unique systems.

The asymmetric, spheroid design belies the power of this battlecruiser. The base hull presents a loadout which favors heavy energy weapons and mobility-focus. A two-wing hangar capacity complements tactical options.

The Odyssey was considered a boondoggle of a design by the Domain Naval Procurement Committee with numerous objections raised: no single tactical focus, the officer boardrooms are too large, the energy grid uses only premium components, and the fittings are too expensive. Despite several rounds of eye-watering budget overruns and rumblings of a bribery scandal, the production contract was only denied before final prototype trials. Never keen to pass up a profitable opportunity, Altair Exotech licensed the Odyssey class to several frontier development corporations, including Eridani-Utopia, to provide admirably armed mobile survey headquarters and operation platforms. It is for this role in the megacorporate exploitation of the frontiers that the otherwise rare Odyssey-class found its way to the Persean Sector.",,,,
,,,,,,
torgue_advanced_odyssey,SHIP,"This ship has been refitted by the Torgue smiths and features heavier armor plating, increased overall performance and unique systems.

The asymmetric, spheroid design belies the power of this battlecruiser. The base hull presents a loadout which favors heavy energy weapons and mobility-focus. A two-wing hangar capacity complements tactical options.

The Odyssey was considered a boondoggle of a design by the Domain Naval Procurement Committee with numerous objections raised: no single tactical focus, the officer boardrooms are too large, the energy grid uses only premium components, and the fittings are too expensive. Despite several rounds of eye-watering budget overruns and rumblings of a bribery scandal, the production contract was only denied before final prototype trials. Never keen to pass up a profitable opportunity, Altair Exotech licensed the Odyssey class to several frontier development corporations, including Eridani-Utopia, to provide admirably armed mobile survey headquarters and operation platforms. It is for this role in the megacorporate exploitation of the frontiers that the otherwise rare Odyssey-class found its way to the Persean Sector.",,,,
,,,,,,
torgue_expert_odyssey,SHIP,"This ship has been refitted by the Torgue smiths and features heavier armor plating, increased overall performance and unique systems.

The asymmetric, spheroid design belies the power of this battlecruiser. The base hull presents a loadout which favors heavy energy weapons and mobility-focus. A two-wing hangar capacity complements tactical options.

The Odyssey was considered a boondoggle of a design by the Domain Naval Procurement Committee with numerous objections raised: no single tactical focus, the officer boardrooms are too large, the energy grid uses only premium components, and the fittings are too expensive. Despite several rounds of eye-watering budget overruns and rumblings of a bribery scandal, the production contract was only denied before final prototype trials. Never keen to pass up a profitable opportunity, Altair Exotech licensed the Odyssey class to several frontier development corporations, including Eridani-Utopia, to provide admirably armed mobile survey headquarters and operation platforms. It is for this role in the megacorporate exploitation of the frontiers that the otherwise rare Odyssey-class found its way to the Persean Sector.",,,,
,,,,,,
,,,,,,
,,,,,,
,,,,,,
# PLANETS PLANETS PLANETS
,,,,,,
# SHIP-SYSTEMS SHIP-SYSTEMS SHIP-SYSTEMS
,,,,,,
pow_ammofeed,SHIP_SYSTEM,Activates an advanced mechanism for quickly delivering ammo to the ship's weapon emplacements. The mechanism must be re-calibrated and cooled before it can be used again.,Offensive,Provides a brief boost to the rate of fire of all weapons.,,
,,,,,,
pow_weaponsfocus,SHIP_SYSTEM,"Briefly increases the damage dealt by all weapons. The capacitor array stores multiple charges, which are slowly regenerated.",Offensive,Briefly increases the damage dealt by all weapons.,,
,,,,,,
# COMMODITY COMMODITY COMMODITY
,,,,,,
# MARKETS MARKETS MARKETS
,,,,,,
pow_patheon_planet,CUSTOM,"A rich and majestic terrestrial planet Pantheon is home to the Vulcans, strong and kind humans with creative minds. Up to this day Vulcans live in harmony with themselfs and Pantheon preserving the planet's ecosystem and building marvellous structures. Atop the skies a giant metal god forges masterpice after masterpiece.

The god, known as Pantheon Orbital Works can be described as a colossal shipyard with a singular purpose: crafting legendary space vessels. Skilled vulcan smiths and relentless automatons are the blood that flows through this god's veins powering state of the art dockyards.

Pantheon Orbital Works does not turn down contracts. While its prices are high the station produces ships of both quality and quantity for the Sector. The most distinct feature are the three docks Jupiter, Juno and Neptune capable of building titan class ships, while currently silent it is rumored that each dock has produced exactly a single titan class...",,,,
,,,,,,
,,,,,,
# FACTION FACTION FACTION
,,,,,,