name,id,tier,rarity,base value,range,damage/second,damage/shot,emp,impact,turn rate,OPs,ammo,ammo/sec,reload size,type,energy/shot,energy/second,chargeup,chargedown,burst size,burst delay,min spread,max spread,spread/shot,spread decay/sec,beam speed,proj speed,launch speed,flight time,proj hitpoints,autofireAccBonus,extraArcForAI,hints,tags,groupTag,tech/manufacturer,for weapon tooltip>>,primaryRoleStr,speedStr,trackingStr,turnRateStr,accuracyStr,customPrimary,customPrimaryHL,customAncillary,customAncillaryHL,noDPSInTooltip,number
Torgue Annihilator Rocket Pod,torgue_medium_annihilator,5,,2000,1000,,150,,5,30,10,140,,,HIGH_EXPLOSIVE,10,,0,3.5,14,0.2,10,0,0,0,,800,1200,2,50,,,"STRIKE, USE_VS_FRIGATES, SYSTEM, DO_NOT_CONSERVE, FIRE_WHEN_INEFFICIENT, BOMB, PD, PD_ALSO, GUIDED_POOR",,,Torgue,,Pressure,Very Fast,None,,,,,,,,12.3
Torgue Annihilator Rocket Pod,torgue_lasher_mouth_annihilator,5,,1000,1000,,150,,5,30,5,75,,,HIGH_EXPLOSIVE,10,,0,2,5,0.2,10,0,0,0,,800,1200,2,50,,,"STRIKE, USE_VS_FRIGATES, SYSTEM, DO_NOT_CONSERVE, FIRE_WHEN_INEFFICIENT, BOMB, PD, PD_ALSO, GUIDED_POOR",,,Torgue,,Pressure,Very Fast,None,,,,,,,,12.3
Torgue Annihilator Rocket Pod,torgue_lasher_back_annihilator,5,,1000,1000,,150,,5,30,5,75,,,HIGH_EXPLOSIVE,10,,0,2,5,0.2,10,0,0,0,,800,1200,2,50,,,"STRIKE, USE_VS_FRIGATES, SYSTEM, DO_NOT_CONSERVE, FIRE_WHEN_INEFFICIENT, BOMB, PD, PD_ALSO, GUIDED_POOR",,,Torgue,,Pressure,Very Fast,None,,,,,,,,12.3
Torgue Annihilator Rocket Tube,torgue_annihilator_tube,5,,500,1000,,150,,5,30,3,50,,,HIGH_EXPLOSIVE,10,,0,1.5,,0,10,0,0,0,,800,1200,2,50,,,"STRIKE, USE_VS_FRIGATES, SYSTEM, DO_NOT_CONSERVE, FIRE_WHEN_INEFFICIENT, BOMB, PD, PD_ALSO, GUIDED_POOR",,,Torgue,,Pressure,Very Fast,None,,,,,,,,12.3
Torgue Annihilator Rocket Array,torgue_medium_annihilator_array,5,,2000,1000,,150,,5,30,10,132,,,HIGH_EXPLOSIVE,10,,0,5,12,0.1,10,0,0,0,,800,1200,2,50,,,"STRIKE, USE_VS_FRIGATES, SYSTEM, DO_NOT_CONSERVE, FIRE_WHEN_INEFFICIENT, BOMB, PD, PD_ALSO, GUIDED_POOR",,,Torgue,,Pressure,Very Fast,None,,,,,,,,12.3
Torgue Annihilator Tubes,torgue_phase_annihilator_tubes,5,,1300,1000,,150,,5,30,10,120,,,HIGH_EXPLOSIVE,10,,0,2,3,0.2,10,0,0,,,800,1200,2,50,,,"DO_NOT_AIM, STRIKE, USE_VS_FRIGATES, SYSTEM",,,Torgue,,Pressure,Very Fast,None,,,,,,,,
Squall MLRS,torgue_phase_replacement,5,,4000,1000,,150,,5,30,0,60,,,HIGH_EXPLOSIVE,10,,0,2.5,3,0.1,10,0,0,0,,800,100,3,50,,,"DO_NOT_AIM, CONSERVE_3, STRIKE, USE_VS_FRIGATES, MISSILE_SPREAD",,,Torgue,,Pressure,Very Fast,Special,,,Unguided after a brief initial aiming stage.,,,,,16.2