name,id,tier,rarity,base value,range,damage/second,damage/shot,emp,impact,turn rate,OPs,ammo,ammo/sec,reload size,type,energy/shot,energy/second,chargeup,chargedown,burst size,burst delay,min spread,max spread,spread/shot,spread decay/sec,beam speed,proj speed,launch speed,flight time,proj hitpoints,autofireAccBonus,extraArcForAI,hints,tags,groupTag,tech/manufacturer,for weapon tooltip>>,primaryRoleStr,speedStr,trackingStr,turnRateStr,accuracyStr,customPrimary,customPrimaryHL,customAncillary,customAncillaryHL,noDPSInTooltip,number
Torgue Annihilator Rocket Pod,torgue_medium_annihilator,5,,0,1000,,150,,5,30,10,140,,,HIGH_EXPLOSIVE,15,,0,3.5,14,0.2,10,0,0,0,,800,1200,2,50,,,"STRIKE, USE_VS_FRIGATES, SYSTEM, DO_NOT_CONSERVE, FIRE_WHEN_INEFFICIENT, BOMB, PD, PD_ALSO, GUIDED_POOR",,,Torgue,,Pressure,Very Fast,None,,,,,,,,12.3
Torgue Annihilator Rocket Pod,torgue_lasher_mouth_annihilator,5,,0,1000,,150,,5,30,5,75,,,HIGH_EXPLOSIVE,15,,0,2,5,0.2,10,0,0,0,,800,1200,2,50,,,"STRIKE, USE_VS_FRIGATES, SYSTEM, DO_NOT_CONSERVE, FIRE_WHEN_INEFFICIENT, BOMB, PD, PD_ALSO, GUIDED_POOR",,,Torgue,,Pressure,Very Fast,None,,,,,,,,12.3
Torgue Annihilator Rocket Pod,torgue_lasher_back_annihilator,5,,0,1000,,150,,5,30,5,75,,,HIGH_EXPLOSIVE,15,,0,2,5,0.2,10,0,0,0,,800,1200,2,50,,,"STRIKE, USE_VS_FRIGATES, SYSTEM, DO_NOT_CONSERVE, FIRE_WHEN_INEFFICIENT, BOMB, PD, PD_ALSO, GUIDED_POOR",,,Torgue,,Pressure,Very Fast,None,,,,,,,,12.3
Torgue Annihilator Rocket Tube,torgue_annihilator_tube,5,,0,1000,,150,,5,30,3,50,,,HIGH_EXPLOSIVE,15,,0,1.5,,0,10,0,0,0,,800,1200,2,50,,,"STRIKE, USE_VS_FRIGATES, SYSTEM, DO_NOT_CONSERVE, FIRE_WHEN_INEFFICIENT, BOMB, PD, PD_ALSO, GUIDED_POOR",,,Torgue,,Pressure,Very Fast,None,,,,,,,,12.3
Torgue Annihilator Rocket Array,torgue_medium_annihilator_array,5,,0,1000,,150,,5,30,10,132,,,HIGH_EXPLOSIVE,15,,0,5,12,0.1,10,0,0,0,,800,1200,2,50,,,"STRIKE, USE_VS_FRIGATES, SYSTEM, DO_NOT_CONSERVE, FIRE_WHEN_INEFFICIENT, BOMB, PD, PD_ALSO, GUIDED_POOR",,,Torgue,,Pressure,Very Fast,None,,,,,,,,12.3
Torgue Annihilator Tubes,torgue_phase_annihilator_tubes,5,,0,1000,,150,,5,30,10,120,,,HIGH_EXPLOSIVE,15,,0,2,3,0.2,10,0,0,0,,800,1200,2,50,,,"DO_NOT_AIM, STRIKE, USE_VS_FRIGATES, SYSTEM",,,Torgue,,Pressure,Very Fast,None,,,,,,,,
Torgue two stage Annihilator,torgue_phase_replacement,5,,0,1000,,150,,5,30,0,60,,,HIGH_EXPLOSIVE,15,,0,2.5,3,0.1,10,0,0,0,,600,100,3,50,,,"DO_NOT_AIM, CONSERVE_3, STRIKE, USE_VS_FRIGATES, MISSILE_SPREAD",,,Torgue,,Pressure,Very Fast,Special,,,Unguided after a brief initial aiming stage.,,,,,16.2
Torgue Flak Cannon,pow_torgue_flak,5,,1200,500,,100,,20,40,8,,,,HIGH_EXPLOSIVE,50,,0,1,1,,0,10,2,10,,700,700,,30,,,PD,,,Torgue,,Point Defense (Area),Fast,None,,,,,,,,4
Torgue Flail,pow_torgue_flail_blank,5,,0,700,,300,,20,40,5,30,,,HIGH_EXPLOSIVE,30,,0,4,1,,10,0,0,0,,500,700,2,150,,,PD,,,Torgue,,Point Defense (Area),Fast,None,,,,,,,,4
Torgue Javelin,pow_torgue_javelin_blank,5,,0,1500,,500,,15,30,5,8,,,HIGH_EXPLOSIVE,50,,0,5,2,0.1,0,0,0,0,,700,350,10,250,,,STRIKE,,,Torgue,,Torpedo,Fast,None,,,,,,,,
Torgue Spear,pow_torgue_spear_blank,5,,0,10000,,1000,,40,30,10,10,,,HIGH_EXPLOSIVE,100,,0,5,1,0,0,0,0,0,,600,300,100,350,,,STRIKE,,,Torgue,,Torpedo,Fast,None,,,,,,,,
Torgue two stage Annihilator tube,pow_torgue_two_stage_annihilator_blank,5,,0,1000,,150,,5,30,4,30,,,HIGH_EXPLOSIVE,15,,0,2.5,,0,10,0,0,0,,600,100,3,50,,,"DO_NOT_AIM, CONSERVE_3, STRIKE, USE_VS_FRIGATES, MISSILE_SPREAD",,,Torgue,,Pressure,Very Fast,Special,,,Unguided after a brief initial aiming stage.,,,,,16.2