{
  "starSystem": "POW_Sol",
  "markets": [
    {
      "entities": ["pow_patheon_planet"],
      "faction": "independent",
      "size": 6,
      "startingConditions": [
        "habitable",
        "population_6",
        "mild_climate",
        "farmland_bountiful",
        "ore_moderate",
        "rare_ore_sparse",
        "organics_common"
      ],
      "industries": [
        ["population"],
        ["spaceport"],
        ["grounddefenses"],
        ["patrolhq"]
      ]
    }
  ]
}
