name,id,designation,tech/manufacturer,system id,fleet pts,hitpoints,armor rating,max flux,8/6/5/4%,flux dissipation,ordnance points,fighter bays,max speed,acceleration,deceleration,max turn rate,turn acceleration,mass,shield type,defense id,shield arc,shield upkeep,shield efficiency,phase cost,phase upkeep,min crew,max crew,cargo,fuel,fuel/ly,range,max burn,base value,cr %/day,CR to deploy,peak CR sec,CR loss/sec,supplies/rec,supplies/mo,c/s,c/f,f/s,f/f,crew/s,crew/f,hints,tags,rarity,breakProb,minPieces,maxPieces,travel drive,number,,,,,,,,,,,,,,,,,,,,,,,,,,,,,,,,,,,,,,,,,,,,,,,,,,,,,,
Torgue Basic Brawler,torgue_basic_brawler,Gunship,Torgue,maneuveringjets,6,2000,450,3000,3125,250,53,,100,180,120,60,120,260,FRONT,,270,0.4,0.8,,,20,30,40,20,1,20,9,16800,8,10,300,0.25,6,6,,,,,,,,,,0.4,2,2,,207,,,,,,,,,,,,,,,,,,,,,,,,,,,,,,,,,,,,,,,,,,,,,,,,,,,,,,
Torgue Advanced Brawler,torgue_advanced_brawler,Gunship,Torgue,maneuveringjets,7,2000,450,3000,3125,250,56,,100,180,120,60,120,280,FRONT,,270,0.4,0.8,,,25,30,40,20,1,20,9,21600,8,10,300,0.25,6,6,,,,,,,,,,0.4,2,2,,207,,,,,,,,,,,,,,,,,,,,,,,,,,,,,,,,,,,,,,,,,,,,,,,,,,,,,,
Torgue Expert Brawler,torgue_expert_brawler,Gunship,Torgue,maneuveringjets,7,2000,450,3000,3125,200,53,,100,180,120,60,120,290,FRONT,,270,0.4,0.8,,,30,30,40,20,1,20,9,25200,8,10,300,0.25,6,6,,,,,,,,,,0.4,2,2,,207,,,,,,,,,,,,,,,,,,,,,,,,,,,,,,,,,,,,,,,,,,,,,,,,,,,,,,
Torgue Basic Lasher,torgue_basic_lasher,Frigate,Torgue,pow_ammofeed,5,1750,300,2100,1750,140,58,,120,110,90,60,90,210,FRONT,,210,0.4,1,,,25,50,40,25,1,25,10,12600,8,10,240,0.25,4,4,,,,,,,,,,0.4,2,2,,204,,,,,,,,,,,,,,,,,,,,,,,,,,,,,,,,,,,,,,,,,,,,,,,,,,,,,,
Torgue Advanced Lasher,torgue_advanced_lasher,Frigate,Torgue,pow_ammofeed,6,1750,300,2100,1750,140,61,,120,110,90,60,90,230,FRONT,,210,0.4,1,,,25,50,40,25,1,25,10,16200,8,10,240,0.25,4,4,,,,,,,,,,0.4,2,2,,204,,,,,,,,,,,,,,,,,,,,,,,,,,,,,,,,,,,,,,,,,,,,,,,,,,,,,,
Torgue Expert Lasher,torgue_expert_lasher,Frigate,Torgue,pow_ammofeed,6,1750,300,2100,1750,140,60,,120,110,90,60,90,240,FRONT,,210,0.4,1,,,25,50,40,25,1,25,10,18900,8,10,240,0.25,4,4,,,,,,,,,,0.4,2,2,,204,,,,,,,,,,,,,,,,,,,,,,,,,,,,,,,,,,,,,,,,,,,,,,,,,,,,,,
Torgue Basic Scarab,torgue_basic_scarab,Heavy Frigate,Torgue,temporalshell,8,2000,250,2500,3125,250,55,,130,120,100,60,120,300,OMNI,,180,0.4,0.6,,,35,45,40,20,1,20,10,36000,7,20,180,0.25,8,8,,,,,,,,,,0.5,2,2,,220,,,,,,,,,,,,,,,,,,,,,,,,,,,,,,,,,,,,,,,,,,,,,,,,,,,,,,
Torgue Advanced Scarab,torgue_advanced_scarab,Heavy Frigate,Torgue,temporalshell,8,2000,250,2500,3125,250,55,,130,120,100,60,120,300,OMNI,,180,0.4,0.6,,,35,45,40,20,1,20,10,45000,7,20,180,0.25,8,8,,,,,,,,,,0.5,2,2,,220,,,,,,,,,,,,,,,,,,,,,,,,,,,,,,,,,,,,,,,,,,,,,,,,,,,,,,
Torgue Expert Scarab,torgue_expert_scarab,Heavy Frigate,Torgue,temporalshell,8,2000,250,2500,3125,250,50,,130,120,100,60,120,300,OMNI,,180,0.4,0.6,,,35,45,40,20,1,20,10,60000,7,20,180,0.25,8,8,,,,,,,,,,0.5,2,2,,220,,,,,,,,,,,,,,,,,,,,,,,,,,,,,,,,,,,,,,,,,,,,,,,,,,,,,,
Torgue Basic Afflictor,torgue_basic_phase_afflictor,Phase Frigate,Torgue,entropyamplifier,11,1000,350,3000,5000,400,58,,165,120,100,60,120,210,PHASE,phasecloak,90,,,0.03,0.04,5,10,25,50,1,50,10,58800,10,20,180,0.25,8,8,,,,,,,,,,0.5,2,2,,210,,,,,,,,,,,,,,,,,,,,,,,,,,,,,,,,,,,,,,,,,,,,,,,,,,,,,,
Torgue Advanced Afflictor,torgue_advanced_phase_afflictor,Phase Frigate,Torgue,entropyamplifier,12,1000,350,3000,5000,400,61,,165,120,100,60,120,230,PHASE,phasecloak,90,,,0.03,0.04,5,10,25,50,1,50,10,75600,10,20,180,0.25,8,8,,,,,,,,,,0.5,2,2,,210,,,,,,,,,,,,,,,,,,,,,,,,,,,,,,,,,,,,,,,,,,,,,,,,,,,,,,
Torgue Expert Afflictor,torgue_expert_phase_afflictor,Phase Frigate,Torgue,entropyamplifier,12,1000,350,3000,5000,400,55,,165,120,100,60,120,240,PHASE,phasecloak,90,,,0.03,0.04,5,10,25,50,1,50,10,88200,10,20,180,0.25,8,8,,,,,,,SHIP_WITH_MODULES,,,0.5,2,2,,210,,,,,,,,,,,,,,,,,,,,,,,,,,,,,,,,,,,,,,,,,,,,,,,,,,,,,,
,torgue_phase_two_stage_annihilator_tube,Phase Tube,,,1,500000,50000,5000,5000,400,25,,0,0,0,10,10,150,NONE,,0,0,0,,,0,0,0,0,1,0,,50000,,1,,,0,0,,,,,,,"UNBOARDABLE, HIDE_IN_CODEX",,,0.5,2,2,,503.001,,,,,,,,,,,,,,,,,,,,,,,,,,,,,,,,,,,,,,,,,,,,,,,,,,,,,,
Torgue Basic Afflictor,torgue_basic_afflictor,Heavy Frigate,Torgue,entropyamplifier,11,1000,350,3000,5000,400,58,,165,120,100,60,120,210,NONE,,,,,,,5,10,25,50,1,50,10,58800,10,20,180,0.25,8,8,,,,,,,,,,0.5,2,2,,210,,,,,,,,,,,,,,,,,,,,,,,,,,,,,,,,,,,,,,,,,,,,,,,,,,,,,,
Torgue Advanced Afflictor,torgue_advanced_afflictor,Heavy Frigate,Torgue,entropyamplifier,12,1000,350,3000,5000,400,61,,165,120,100,60,120,230,NONE,,,,,,,5,10,25,50,1,50,10,75600,10,20,180,0.25,8,8,,,,,,,,,,0.5,2,2,,210,,,,,,,,,,,,,,,,,,,,,,,,,,,,,,,,,,,,,,,,,,,,,,,,,,,,,,
Torgue Expert Afflictor,torgue_expert_afflictor,Heavy Frigate,Torgue,entropyamplifier,12,1000,350,3000,5000,400,55,,165,120,100,60,120,240,NONE,,,,,,,5,10,25,50,1,50,10,88200,10,20,180,0.25,8,8,,,,,,,SHIP_WITH_MODULES,,,0.5,2,2,,210,,,,,,,,,,,,,,,,,,,,,,,,,,,,,,,,,,,,,,,,,,,,,,,,,,,,,,
Torgue Basic Monitor,torgue_basic_monitor,Frigate,Torgue,fortressshield,5,1500,175,4000,1500,120,33,,90,120,100,60,120,210,OMNI,,300,0.5,0.8,,,15,30,30,20,1,20,10,35000,8,10,360,0.25,6,6,,,,,,,,,,0.5,2,2,,214,,,,,,,,,,,,,,,,,,,,,,,,,,,,,,,,,,,,,,,,,,,,,,,,,,,,,,
Torgue Advanced Monitor,torgue_advanced_monitor,Frigate,Torgue,fortressshield,6,1500,175,4000,1500,120,36,,90,120,100,60,120,230,OMNI,,300,0.5,0.8,,,15,30,30,20,1,20,10,45000,8,10,360,0.25,6,6,,,,,,,,,,0.5,2,2,,214,,,,,,,,,,,,,,,,,,,,,,,,,,,,,,,,,,,,,,,,,,,,,,,,,,,,,,
Torgue Expert Monitor,torgue_expert_monitor,Frigate,Torgue,fortressshield,6,1500,175,4000,1500,120,35,,90,120,100,60,120,240,OMNI,,300,0.5,0.8,,,15,30,30,20,1,20,10,52500,8,10,360,0.25,6,6,,,,,,,,,,0.5,2,2,,214,,,,,,,,,,,,,,,,,,,,,,,,,,,,,,,,,,,,,,,,,,,,,,,,,,,,,,
Torgue Basic Cerberus,torgue_basic_cerberus,Combat Freighter,Torgue,burndrive,5,2500,400,1250,1875,150,53,,110,100,75,60,120,310,NONE,,0,0,0,,,20,50,100,40,1,40,10,12600,8,10,240,0.25,4,4,25,100,,,,,,,,0.3,2,2,,213,,,,,,,,,,,,,,,,,,,,,,,,,,,,,,,,,,,,,,,,,,,,,,,,,,,,,,
Torgue Advanced Cerberus,torgue_advanced_cerberus,Combat Freighter,Torgue,burndrive,6,2500,400,1250,1875,150,56,,110,100,75,60,120,330,NONE,,0,0,0,,,20,50,100,40,1,40,10,16200,8,10,240,0.25,4,4,25,100,,,,,,,,0.3,2,2,,213,,,,,,,,,,,,,,,,,,,,,,,,,,,,,,,,,,,,,,,,,,,,,,,,,,,,,,
Torgue Expert Cerberus,torgue_expert_cerberus,Combat Freighter,Torgue,burndrive,6,2500,400,1250,1875,150,56,,110,100,75,60,120,340,NONE,,0,0,0,,,20,50,100,40,1,40,10,18900,8,10,240,0.25,4,4,25,100,,,,,,,,0.3,2,2,,213,,,,,,,,,,,,,,,,,,,,,,,,,,,,,,,,,,,,,,,,,,,,,,,,,,,,,,
Torgue Basic Enforcer,torgue_basic_enforcer,Destroyer,Torgue,burndrive,10,6000,900,4000,3333,200,116,,60,40,20,30,20,520,OMNI,,150,0.4,1,,,60,100,90,90,3,30,9,53200,5,12,420,0.25,9,9,,,,,,,,,,0.4,2,3,,303,,,,,,,,,,,,,,,,,,,,,,,,,,,,,,,,,,,,,,,,,,,,,,,,,,,,,,
Torgue Advanced Enforcer,torgue_advanced_enforcer,Destroyer,Torgue,burndrive,12,6000,900,4000,3333,200,122,,60,40,20,30,20,560,OMNI,,150,0.4,1,,,60,100,90,90,3,30,9,68400,5,12,420,0.25,9,9,,,,,,,,,,0.4,2,3,,303,,,,,,,,,,,,,,,,,,,,,,,,,,,,,,,,,,,,,,,,,,,,,,,,,,,,,,
Torgue Expert Enforcer,torgue_expert_enforcer,Destroyer,Torgue,burndrive,12,6000,900,4000,3333,200,116,,60,40,20,30,20,580,OMNI,,150,0.4,1,,,60,100,90,90,3,30,9,79800,5,12,420,0.25,9,9,,,,,,,,,,0.4,2,3,,303,,,,,,,,,,,,,,,,,,,,,,,,,,,,,,,,,,,,,,,,,,,,,,,,,,,,,,
Torgue Basic Shrike,torgue_basic_shrike,Light Destroyer,Torgue,microburn,9,2800,250,5400,5833,350,91,,100,100,80,35,80,270,OMNI,,150,0.3,0.7,,,20,40,40,60,2,30,10,28000,5,15,300,0.25,8,8,,,,,,,,,,0.7,2,3,,319,,,,,,,,,,,,,,,,,,,,,,,,,,,,,,,,,,,,,,,,,,,,,,,,,,,,,,
Torgue Advanced Shrike,torgue_advanced_shrike,Light Destroyer,Torgue,microburn,11,2800,250,5400,5833,350,97,,100,100,80,35,80,310,OMNI,,150,0.3,0.7,,,20,40,40,60,2,30,10,36000,5,15,300,0.25,8,8,,,,,,,,,,0.7,2,3,,319,,,,,,,,,,,,,,,,,,,,,,,,,,,,,,,,,,,,,,,,,,,,,,,,,,,,,,
Torgue Expert Shrike,torgue_expert_shrike,Light Destroyer,Torgue,microburn,11,2800,250,5400,5833,350,87,,100,100,80,35,80,330,OMNI,,150,0.3,0.7,,,20,40,40,60,2,30,10,42000,5,15,300,0.25,8,8,,,,,,,,,,0.7,2,3,,319,,,,,,,,,,,,,,,,,,,,,,,,,,,,,,,,,,,,,,,,,,,,,,,,,,,,,,
Torgue Basic Hammerhead,torgue_basic_hammerhead,Destroyer,Torgue,pow_ammofeed,10,5000,500,4200,4167,250,101,,90,60,40,30,60,420,FRONT,,300,0.4,0.8,,,50,100,100,60,2,30,9,56000,5,12,360,0.25,10,10,,,,,,,,,,0.5,2,3,,300,,,,,,,,,,,,,,,,,,,,,,,,,,,,,,,,,,,,,,,,,,,,,,,,,,,,,,
Torgue Advanced Hammerhead,torgue_advanced_hammerhead,Destroyer,Torgue,pow_ammofeed,12,5000,500,4200,4167,250,107,,90,60,40,30,60,460,FRONT,,300,0.4,0.8,,,50,100,100,60,2,30,9,72000,5,12,360,0.25,10,10,,,,,,,,,,0.5,2,3,,300,,,,,,,,,,,,,,,,,,,,,,,,,,,,,,,,,,,,,,,,,,,,,,,,,,,,,,
Torgue Expert Hammerhead,torgue_expert_hammerhead,Destroyer,Torgue,pow_ammofeed,12,5000,500,4200,4167,250,104,,90,60,40,30,60,480,FRONT,,300,0.4,0.8,,,50,100,100,60,2,30,9,84000,5,12,360,0.25,10,10,,,,,,,,,,0.5,2,3,,300,,,,,,,,,,,,,,,,,,,,,,,,,,,,,,,,,,,,,,,,,,,,,,,,,,,,,,
Torgue Basic Mule,torgue_basic_mule,Combat Freighter,Torgue,maneuveringjets,9,5500,650,3000,2500,150,86,,60,40,20,20,15,520,OMNI,,120,0.4,1,,,40,100,250,80,2,40,9,47600,5,10,420,0.25,7,7,36,125,,,,,,,,0.5,2,3,,310,,,,,,,,,,,,,,,,,,,,,,,,,,,,,,,,,,,,,,,,,,,,,,,,,,,,,,
Torgue Advanced Mule,torgue_advanced_mule,Combat Freighter,Torgue,maneuveringjets,11,5500,650,3000,2500,150,92,,60,40,20,20,15,560,OMNI,,120,0.4,1,,,40,100,250,80,2,40,9,61200,5,10,420,0.25,7,7,36,125,,,,,,,,0.5,2,3,,310,,,,,,,,,,,,,,,,,,,,,,,,,,,,,,,,,,,,,,,,,,,,,,,,,,,,,,
Torgue Expert Mule,torgue_expert_mule,Combat Freighter,Torgue,maneuveringjets,11,5500,650,3000,2500,150,92,,60,40,20,20,15,580,OMNI,,120,0.4,1,,,40,100,250,80,2,40,9,71400,5,10,420,0.25,7,7,36,125,,,,,,,,0.5,2,3,,310,,,,,,,,,,,,,,,,,,,,,,,,,,,,,,,,,,,,,,,,,,,,,,,,,,,,,,
Torgue Basic Medusa,torgue_basic_medusa,Destroyer,Torgue,displacer,11,3000,300,6000,6667,400,95,,100,90,60,40,100,300,OMNI,,120,0.3,0.6,,,35,50,50,40,2,20,9,72000,5,20,300,0.25,12,12,,,,,,,,,,0.7,2,3,,309,,,,,,,,,,,,,,,,,,,,,,,,,,,,,,,,,,,,,,,,,,,,,,,,,,,,,,
Torgue Advanced Medusa,torgue_advanced_medusa,Destroyer,Torgue,displacer,11,3000,300,6000,6667,400,105,,100,90,60,40,100,300,OMNI,,120,0.3,0.6,,,35,50,50,40,2,20,9,90000,5,20,300,0.25,12,12,,,,,,,,,,0.7,2,3,,309,,,,,,,,,,,,,,,,,,,,,,,,,,,,,,,,,,,,,,,,,,,,,,,,,,,,,,
Torgue Expert Medusa,torgue_expert_medusa,Destroyer,Torgue,displacer,11,3000,300,6000,6667,400,95,,100,90,60,40,100,300,OMNI,,120,0.3,0.6,,,35,50,50,40,2,20,9,120000,5,20,300,0.25,12,12,,,,,,,,,,0.7,2,3,,309,,,,,,,,,,,,,,,,,,,,,,,,,,,,,,,,,,,,,,,,,,,,,,,,,,,,,,
Torgue Basic Sunder,torgue_basic_sunder,Destroyer,Torgue,pow_weaponsfocus,10,4000,250,7500,8333,500,105,,90,80,60,30,30,350,FRONT,,300,0.4,1.2,,,50,70,80,50,2,25,9,54000,5,15,300,0.25,11,11,,,,,,,,,,0.5,2,3,,301,,,,,,,,,,,,,,,,,,,,,,,,,,,,,,,,,,,,,,,,,,,,,,,,,,,,,,
Torgue Advanced Sunder,torgue_advanced_sunder,Destroyer,Torgue,pow_weaponsfocus,10,4000,250,7500,8333,500,115,,90,80,60,30,30,350,FRONT,,300,0.4,1.2,,,50,70,80,50,2,25,9,67500,5,15,300,0.25,11,11,,,,,,,,,,0.5,2,3,,301,,,,,,,,,,,,,,,,,,,,,,,,,,,,,,,,,,,,,,,,,,,,,,,,,,,,,,
Torgue Expert Sunder,torgue_expert_sunder,Destroyer,Torgue,pow_weaponsfocus,10,4000,250,7500,8333,500,105,,90,80,60,30,30,350,FRONT,,300,0.4,1.2,,,50,70,80,50,2,25,9,90000,5,15,300,0.25,11,11,,,,,,,,,,0.5,2,3,,301,,,,,,,,,,,,,,,,,,,,,,,,,,,,,,,,,,,,,,,,,,,,,,,,,,,,,,
Torgue Basic Wolf,torgue_basic_wolf,Frigate,Torgue,displacer,5,1500,150,2250,1875,150,55,,150,130,100,60,120,200,FRONT,,150,0.4,0.8,,,15,30,50,20,1,20,10,14400,10,20,180,0.25,5,5,,,,,,,,,,0.5,2,2,,200,,,,,,,,,,,,,,,,,,,,,,,,,,,,,,,,,,,,,,,,,,,,,,,,,,,,,,
Torgue Advanced Wolf,torgue_advanced_wolf,Frigate,Torgue,displacer,5,1500,150,2250,1875,150,60,,150,130,100,60,120,200,FRONT,,150,0.4,0.8,,,15,30,50,20,1,20,10,18000,10,20,180,0.25,5,5,,,,,,,,,,0.5,2,2,,200,,,,,,,,,,,,,,,,,,,,,,,,,,,,,,,,,,,,,,,,,,,,,,,,,,,,,,
Torgue Expert Wolf,torgue_expert_wolf,Frigate,Torgue,displacer,5,1500,150,2250,1875,150,55,,150,130,100,60,120,200,FRONT,,150,0.4,0.8,,,15,30,50,20,1,20,10,24000,10,20,180,0.25,5,5,,,,,,,,,,0.5,2,2,,200,,,,,,,,,,,,,,,,,,,,,,,,,,,,,,,,,,,,,,,,,,,,,,,,,,,,,,
Torgue Basic Harbinger,torgue_basic_phase_harbinger,Phase Destroyer,Torgue,acausaldisruptor,15,2800,600,5000,10000,500,95,,80,60,40,30,30,400,PHASE,phasecloak,90,,,0.05,0.04,25,50,60,100,2,50,9,144000,5,20,300,0.25,20,20,,,,,,,,,,0.5,2,3,,314,,,,,,,,,,,,,,,,,,,,,,,,,,,,,,,,,,,,,,,,,,,,,,,,,,,,,,
Torgue Advanced Harbinger,torgue_advanced_phase_harbinger,Phase Destroyer,Torgue,acausaldisruptor,15,2800,600,5000,10000,500,105,,80,60,40,30,30,400,PHASE,phasecloak,90,,,0.05,0.04,25,50,60,100,2,50,9,180000,5,20,300,0.25,20,20,,,,,,,,,,0.5,2,3,,314,,,,,,,,,,,,,,,,,,,,,,,,,,,,,,,,,,,,,,,,,,,,,,,,,,,,,,
Torgue Expert Harbinger,torgue_expert_phase_harbinger,Phase Destroyer,Torgue,acausaldisruptor,15,2800,600,5000,10000,500,105,,80,60,40,30,30,400,PHASE,phasecloak,90,,,0.05,0.04,25,50,60,100,2,50,9,240000,5,20,300,0.25,20,20,,,,,,,,,,0.5,2,3,,314,,,,,,,,,,,,,,,,,,,,,,,,,,,,,,,,,,,,,,,,,,,,,,,,,,,,,,
Torgue Basic Harbinger,torgue_basic_harbinger,Phase Destroyer,Torgue,acausaldisruptor,15,2800,600,5000,10000,500,95,,80,60,40,30,30,400,NONE,,,,,0.05,0.04,25,50,60,100,2,50,9,144000,5,20,300,0.25,20,20,,,,,,,,,,0.5,2,3,,314,,,,,,,,,,,,,,,,,,,,,,,,,,,,,,,,,,,,,,,,,,,,,,,,,,,,,,
Torgue Advanced Harbinger,torgue_advanced_harbinger,Phase Destroyer,Torgue,acausaldisruptor,15,2800,600,5000,10000,500,105,,80,60,40,30,30,400,NONE,,,,,0.05,0.04,25,50,60,100,2,50,9,180000,5,20,300,0.25,20,20,,,,,,,,,,0.5,2,3,,314,,,,,,,,,,,,,,,,,,,,,,,,,,,,,,,,,,,,,,,,,,,,,,,,,,,,,,
Torgue Expert Harbinger,torgue_expert_harbinger,Phase Destroyer,Torgue,acausaldisruptor,15,2800,600,5000,10000,500,105,,80,60,40,30,30,400,NONE,,,,,0.05,0.04,25,50,60,100,2,50,9,240000,5,20,300,0.25,20,20,,,,,,,,,,0.5,2,3,,314,,,,,,,,,,,,,,,,,,,,,,,,,,,,,,,,,,,,,,,,,,,,,,,,,,,,,,
Torgue Basic Dominator,torgue_basic_dominator,Heavy Cruiser,Torgue,burndrive,15,11000,1500,10000,9000,450,190,,30,20,10,12,12,2250,FRONT,,150,0.5,1,,,200,300,150,150,5,30,8,150000,4,12,540,0.25,25,25,,,,,,,,,,0.4,2,3,,404,,,,,,,,,,,,,,,,,,,,,,,,,,,,,,,,,,,,,,,,,,,,,,,,,,,,,,
Torgue Advanced Dominator,torgue_advanced_dominator,Heavy Cruiser,Torgue,burndrive,15,11000,1500,10000,9000,450,190,,30,20,10,12,12,2250,FRONT,,150,0.5,1,,,200,300,150,150,5,30,8,187500,4,12,540,0.25,25,25,,,,,,,,,,0.4,2,3,,404,,,,,,,,,,,,,,,,,,,,,,,,,,,,,,,,,,,,,,,,,,,,,,,,,,,,,,
Torgue Expert Dominator,torgue_expert_dominator,Heavy Cruiser,Torgue,burndrive,15,11000,1500,10000,9000,450,190,,30,20,10,12,12,2250,FRONT,,150,0.5,1,,,200,300,150,150,5,30,8,250000,4,12,540,0.25,25,25,,,,,,,,,,0.4,2,3,,404,,,,,,,,,,,,,,,,,,,,,,,,,,,,,,,,,,,,,,,,,,,,,,,,,,,,,,
Torgue Basic Eagle,torgue_basic_eagle,Cruiser,Torgue,maneuveringjets,14,8000,1000,10000,10500,525,155,,50,30,20,15,20,1200,FRONT,,270,0.4,0.8,,,150,250,150,100,3,33,8,144000,3,12,480,0.25,22,22,,,,,,,,,,0.5,2,3,,401,,,,,,,,,,,,,,,,,,,,,,,,,,,,,,,,,,,,,,,,,,,,,,,,,,,,,,
Torgue Advanced Eagle,torgue_advanced_eagle,Cruiser,Torgue,maneuveringjets,14,8000,1000,10000,10500,525,170,,50,30,20,15,20,1200,FRONT,,270,0.4,0.8,,,150,250,150,100,3,33,8,180000,3,12,480,0.25,22,22,,,,,,,,,,0.5,2,3,,401,,,,,,,,,,,,,,,,,,,,,,,,,,,,,,,,,,,,,,,,,,,,,,,,,,,,,,
Torgue Expert Eagle,torgue_expert_eagle,Cruiser,Torgue,maneuveringjets,14,8000,1000,10000,10500,525,145,,50,30,20,15,20,1200,FRONT,,270,0.4,0.8,,,150,250,150,100,3,33,8,240000,3,12,480,0.25,22,22,,,,,,,,,,0.5,2,3,,401,,,,,,,,,,,,,,,,,,,,,,,,,,,,,,,,,,,,,,,,,,,,,,,,,,,,,,
Torgue Basic Apogee,torgue_basic_apogee,Cruiser,Torgue,flarelauncher_active,14,9000,750,12000,14000,700,140,,60,40,30,20,25,2000,FRONT,,360,0.6,0.7,,,150,450,400,200,2,100,8,168000,3,15,420,0.25,18,18,,,,,,,,,,0.6,2,3,,403,,,,,,,,,,,,,,,,,,,,,,,,,,,,,,,,,,,,,,,,,,,,,,,,,,,,,,
Torgue Advanced Apogee,torgue_advanced_apogee,Cruiser,Torgue,flarelauncher_active,14,9000,750,12000,14000,700,150,,60,40,30,20,25,2000,FRONT,,360,0.6,0.7,,,150,450,400,200,2,100,8,210000,3,15,420,0.25,18,18,,,,,,,,,,0.6,2,3,,403,,,,,,,,,,,,,,,,,,,,,,,,,,,,,,,,,,,,,,,,,,,,,,,,,,,,,,
Torgue Expert Apogee,torgue_expert_apogee,Cruiser,Torgue,flarelauncher_active,14,9000,750,12000,14000,700,130,,60,40,30,20,25,2000,FRONT,,360,0.6,0.7,,,150,450,400,200,2,100,8,280000,3,15,420,0.25,18,18,,,,,,,,,,0.6,2,3,,403,,,,,,,,,,,,,,,,,,,,,,,,,,,,,,,,,,,,,,,,,,,,,,,,,,,,,,
Torgue Basic Venture,torgue_basic_venture,Cruiser,Torgue,pow_ammofeed,10,10000,1250,7000,6000,300,110,,40,15,10,12,6,1500,OMNI,,120,0.4,1,,,125,350,350,120,3,40,7,132000,5,10,540,0.25,15,15,,,,,,,,,,0.4,2,3,,402,,,,,,,,,,,,,,,,,,,,,,,,,,,,,,,,,,,,,,,,,,,,,,,,,,,,,,
Torgue Advanced Venture,torgue_advanced_venture,Cruiser,Torgue,pow_ammofeed,10,10000,1250,7000,6000,300,125,,40,15,10,12,6,1500,OMNI,,120,0.4,1,,,125,350,350,120,3,40,7,165000,5,10,540,0.25,15,15,,,,,,,,,,0.4,2,3,,402,,,,,,,,,,,,,,,,,,,,,,,,,,,,,,,,,,,,,,,,,,,,,,,,,,,,,,
Torgue Expert Venture,torgue_expert_venture,Cruiser,Torgue,pow_ammofeed,10,10000,1250,7000,6000,300,125,,40,15,10,12,6,1500,OMNI,,120,0.4,1,,,125,350,350,120,3,40,7,220000,5,10,540,0.25,15,15,,,,,,,,,,0.4,2,3,,402,,,,,,,,,,,,,,,,,,,,,,,,,,,,,,,,,,,,,,,,,,,,,,,,,,,,,,
Torgue Basic Champion,torgue_basic_champion,Heavy Cruiser,Torgue,pow_weaponsfocus,15,10000,1250,10000,11000,550,165,,60,40,30,15,20,1500,FRONT,,210,0.4,0.8,,,200,300,150,150,4,38,8,150000,4,12,480,0.25,25,25,,,,,,,,,,0.5,2,4,,401.5,,,,,,,,,,,,,,,,,,,,,,,,,,,,,,,,,,,,,,,,,,,,,,,,,,,,,,
Torgue Advanced Champion,torgue_advanced_champion,Heavy Cruiser,Torgue,pow_weaponsfocus,15,10000,1250,10000,11000,550,180,,60,40,30,15,20,1500,FRONT,,210,0.4,0.8,,,200,300,150,150,4,38,8,187500,4,12,480,0.25,25,25,,,,,,,,,,0.5,2,4,,401.5,,,,,,,,,,,,,,,,,,,,,,,,,,,,,,,,,,,,,,,,,,,,,,,,,,,,,,
Torgue Expert Champion,torgue_expert_champion,Heavy Cruiser,Torgue,pow_weaponsfocus,15,10000,1250,10000,11000,550,180,,60,40,30,15,20,1500,FRONT,,210,0.4,0.8,,,200,300,150,150,4,38,8,250000,4,12,480,0.25,25,25,,,,,,,,,,0.5,2,4,,401.5,,,,,,,,,,,,,,,,,,,,,,,,,,,,,,,,,,,,,,,,,,,,,,,,,,,,,,
Torgue Basic Aurora,torgue_basic_aurora,Cruiser,Torgue,plasmajets,17,8000,800,11000,16000,800,165,,80,50,25,25,25,1800,OMNI,,180,0.5,0.8,,,75,200,150,90,3,30,8,240000,4,20,420,0.25,30,30,,,,,,,,,,0.6,2,3,,405,,,,,,,,,,,,,,,,,,,,,,,,,,,,,,,,,,,,,,,,,,,,,,,,,,,,,,
Torgue Advanced Aurora,torgue_advanced_aurora,Cruiser,Torgue,plasmajets,17,8000,800,11000,16000,800,180,,80,50,25,25,25,1800,OMNI,,180,0.5,0.8,,,75,200,150,90,3,30,8,300000,4,20,420,0.25,30,30,,,,,,,,,,0.6,2,3,,405,,,,,,,,,,,,,,,,,,,,,,,,,,,,,,,,,,,,,,,,,,,,,,,,,,,,,,
Torgue Expert Aurora,torgue_expert_aurora,Cruiser,Torgue,plasmajets,17,8000,800,11000,16000,800,185,,80,50,25,25,25,1800,OMNI,,180,0.5,0.8,,,75,200,150,90,3,30,8,400000,4,20,420,0.25,30,30,,,,,,,,,,0.6,2,3,,405,,,,,,,,,,,,,,,,,,,,,,,,,,,,,,,,,,,,,,,,,,,,,,,,,,,,,,
Torgue Basic Doom,torgue_basic_phase_doom,Phase Cruiser,Torgue,mine_strike,22,8000,1250,10000,18000,900,145,,75,55,40,20,25,1200,PHASE,phasecloak,,,,0.05,0.05,50,100,120,150,3,50,8,300000,4,20,420,0.25,35,35,,,,,,,,,,0.5,2,3,,406,,,,,,,,,,,,,,,,,,,,,,,,,,,,,,,,,,,,,,,,,,,,,,,,,,,,,,
Torgue Advanced Doom,torgue_advanced_phase_doom,Phase Cruiser,Torgue,mine_strike,22,8000,1250,10000,18000,900,169,,75,55,40,20,25,1200,PHASE,phasecloak,,,,0.05,0.05,50,100,120,150,3,50,8,375000,4,20,420,0.25,35,35,,,,,,,,,,0.5,2,3,,406,,,,,,,,,,,,,,,,,,,,,,,,,,,,,,,,,,,,,,,,,,,,,,,,,,,,,,
Torgue Expert Doom,torgue_expert_phase_doom,Phase Cruiser,Torgue,mine_strike,22,8000,1250,10000,18000,900,155,,75,55,40,20,25,1200,PHASE,phasecloak,,,,0.05,0.05,50,100,120,150,3,50,8,500000,4,20,420,0.25,35,35,,,,,,,,,,0.5,2,3,,406,,,,,,,,,,,,,,,,,,,,,,,,,,,,,,,,,,,,,,,,,,,,,,,,,,,,,,
,torgue_expert_phase_doom_minelayer,MineLayer,,,1,500000,50000,5000,,400,25,,0,0,0,10,10,150,NONE,,0,0,0,,,0,0,0,0,1,0,,50000,,1,,,0,0,,,,,,,"UNBOARDABLE, HIDE_IN_CODEX",,,0.5,2,2,,503.001,,,,,,,,,,,,,,,,,,,,,,,,,,,,,,,,,,,,,,,,,,,,,,,,,,,,,,
Torgue Basic Doom,torgue_basic_doom,Phase Cruiser,Torgue,mine_strike,22,8000,1250,10000,18000,900,145,,75,55,40,20,25,1200,NONE,,,,,0.05,0.05,50,100,120,150,3,50,8,300000,4,20,420,0.25,35,35,,,,,,,,,,0.5,2,3,,406,,,,,,,,,,,,,,,,,,,,,,,,,,,,,,,,,,,,,,,,,,,,,,,,,,,,,,
Torgue Advanced Doom,torgue_advanced_doom,Phase Cruiser,Torgue,mine_strike,22,8000,1250,10000,18000,900,169,,75,55,40,20,25,1200,NONE,,,,,0.05,0.05,50,100,120,150,3,50,8,375000,4,20,420,0.25,35,35,,,,,,,,,,0.5,2,3,,406,,,,,,,,,,,,,,,,,,,,,,,,,,,,,,,,,,,,,,,,,,,,,,,,,,,,,,
Torgue Expert Doom,torgue_expert_doom,Phase Cruiser,Torgue,mine_strike,22,8000,1250,10000,18000,900,155,,75,55,40,20,25,1200,NONE,,,,,0.05,0.05,50,100,120,150,3,50,8,500000,4,20,420,0.25,35,35,,,,,,,,,,0.5,2,3,,406,,,,,,,,,,,,,,,,,,,,,,,,,,,,,,,,,,,,,,,,,,,,,,,,,,,,,,
Torgue Basic Onslaught,torgue_basic_onslaught,Battleship,Torgue,burndrive,28,20000,1750,17000,15000,600,360,,25,10,10,4,4,3500,FRONT,,180,0.4,1,,,750,1500,300,400,15,27,7,420000,3,12,720,0.25,40,40,,,,,,,,,,0.4,2,4,,500,,,,,,,,,,,,,,,,,,,,,,,,,,,,,,,,,,,,,,,,,,,,,,,,,,,,,,
Torgue Advanced Onslaught,torgue_advanced_onslaught,Battleship,Torgue,burndrive,28,20000,1750,17000,15000,600,380,,25,10,10,4,4,3500,FRONT,,180,0.4,1,,,750,1500,300,400,15,27,7,525000,3,12,720,0.25,40,40,,,,,,,,,,0.4,2,4,,500,,,,,,,,,,,,,,,,,,,,,,,,,,,,,,,,,,,,,,,,,,,,,,,,,,,,,,
Torgue Expert Onslaught,torgue_expert_onslaught,Battleship,Torgue,burndrive,28,20000,1750,17000,15000,600,360,,25,10,10,4,4,3500,FRONT,,180,0.4,1,,,750,1500,300,400,15,27,7,700000,3,12,720,0.25,40,40,,,,,,,,,,0.4,2,4,,500,,,,,,,,,,,,,,,,,,,,,,,,,,,,,,,,,,,,,,,,,,,,,,,,,,,,,,
Torgue Basic Conquest,torgue_basic_conquest,Battlecruiser,Torgue,maneuveringjets,24,12000,1200,20000,30000,1200,315,,45,20,15,6,4,2500,OMNI,,90,0.4,1.4,,,400,500,300,300,10,30,8,360000,3,15,600,0.25,40,40,,,,,,,,,,0.5,2,4,,503,,,,,,,,,,,,,,,,,,,,,,,,,,,,,,,,,,,,,,,,,,,,,,,,,,,,,,
Torgue Advanced Conquest,torgue_advanced_conquest,Battlecruiser,Torgue,maneuveringjets,24,12000,1200,20000,30000,1200,335,,45,20,15,6,4,2500,OMNI,,90,0.4,1.4,,,400,500,300,300,10,30,8,450000,3,15,600,0.25,40,40,,,,,,,,,,0.5,2,4,,503,,,,,,,,,,,,,,,,,,,,,,,,,,,,,,,,,,,,,,,,,,,,,,,,,,,,,,
Torgue Expert Conquest,torgue_expert_conquest,Battlecruiser,Torgue,maneuveringjets,24,12000,1200,20000,30000,1200,305,,45,20,15,6,4,2500,OMNI,,90,0.4,1.4,,,400,500,300,300,10,30,8,600000,3,15,600,0.25,40,40,,,,,,,,,,0.5,2,4,,503,,,,,,,,,,,,,,,,,,,,,,,,,,,,,,,,,,,,,,,,,,,,,,,,,,,,,,
Torgue Basic Paragon,torgue_basic_paragon,Battleship,Torgue,fortressshield,30,18000,1500,25000,31250,1250,370,,30,15,10,5,5,3500,OMNI,,360,0.6,0.6,,,400,1000,300,300,10,30,7,600000,4,20,720,0.25,60,60,,,,,,,,,,0.6,2,4,,504,,,,,,,,,,,,,,,,,,,,,,,,,,,,,,,,,,,,,,,,,,,,,,,,,,,,,,
Torgue Advanced Paragon,torgue_advanced_paragon,Battleship,Torgue,fortressshield,30,18000,1500,25000,31250,1250,390,,30,15,10,5,5,3500,OMNI,,360,0.6,0.6,,,400,1000,300,300,10,30,7,750000,4,20,720,0.25,60,60,,,,,,,,,,0.6,2,4,,504,,,,,,,,,,,,,,,,,,,,,,,,,,,,,,,,,,,,,,,,,,,,,,,,,,,,,,
Torgue Expert Paragon,torgue_expert_paragon,Battleship,Torgue,fortressshield,30,18000,1500,25000,31250,1250,360,,30,15,10,5,5,3500,OMNI,,360,0.6,0.6,,,400,1000,300,300,10,30,7,1000000,4,20,720,0.25,60,60,,,,,,,,,,0.6,2,4,,504,,,,,,,,,,,,,,,,,,,,,,,,,,,,,,,,,,,,,,,,,,,,,,,,,,,,,,
Torgue Basic Legion,torgue_basic_legion,Battlecarrier,Torgue,burndrive,28,18000,1650,12000,12500,500,260,,30,15,15,6,6,3500,FRONT,,180,0.4,1,,,700,1500,300,300,15,20,7,450000,3,12,720,0.25,40,40,,,,,,,,,,0.4,2,4,,507,,,,,,,,,,,,,,,,,,,,,,,,,,,,,,,,,,,,,,,,,,,,,,,,,,,,,,
Torgue Advanced Legion,torgue_advanced_legion,Battlecarrier,Torgue,burndrive,28,18000,1650,12000,12500,500,280,,30,15,15,6,6,3500,FRONT,,180,0.4,1,,,700,1500,300,300,15,20,7,562500,3,12,720,0.25,40,40,,,,,,,,,,0.4,2,4,,507,,,,,,,,,,,,,,,,,,,,,,,,,,,,,,,,,,,,,,,,,,,,,,,,,,,,,,
Torgue Expert Legion,torgue_expert_legion,Battlecarrier,Torgue,burndrive,28,18000,1650,12000,12500,500,260,,30,15,15,6,6,3500,FRONT,,180,0.4,1,,,700,1500,300,300,15,20,7,750000,3,12,720,0.25,40,40,,,,,,,,,,0.4,2,4,,507,,,,,,,,,,,,,,,,,,,,,,,,,,,,,,,,,,,,,,,,,,,,,,,,,,,,,,
Torgue Basic Odyssey,torgue_basic_odyssey,Battlecruiser,Torgue,microburn,25,10000,1000,15000,25000,1000,280,,70,50,40,8,12,2500,OMNI,,180,0.25,1,,,400,800,400,450,8,56,8,396000,4,20,600,0.25,45,45,,,,,,,,,,0.6,2,4,,505,,,,,,,,,,,,,,,,,,,,,,,,,,,,,,,,,,,,,,,,,,,,,,,,,,,,,,
Torgue Advanced Odyssey,torgue_advanced_odyssey,Battlecruiser,Torgue,microburn,25,10000,1000,15000,25000,1000,300,,70,50,40,8,12,2500,OMNI,,180,0.25,1,,,400,800,400,450,8,56,8,495000,4,20,600,0.25,45,45,,,,,,,,,,0.6,2,4,,505,,,,,,,,,,,,,,,,,,,,,,,,,,,,,,,,,,,,,,,,,,,,,,,,,,,,,,
Torgue Expert Odyssey,torgue_expert_odyssey,Battlecruiser,Torgue,microburn,25,10000,1000,15000,25000,1000,280,,70,50,40,8,12,2500,OMNI,,180,0.25,1,,,400,800,400,450,8,56,8,660000,4,20,600,0.25,45,45,,,,,,,,,,0.6,2,4,,505,,,,,,,,,,,,,,,,,,,,,,,,,,,,,,,,,,,,,,,,,,,,,,,,,,,,,,