id,trigger,conditions,script,text,options,notes
#CEO dialog,,,,,,
,,,,,,
,,,,,,
,,,,,,
CEO_Menu,PopulateOptions,CEO isRefitRepresentative,,,"CEO_Menu_Refit_Ships:Refit ships
CEO_Menu_Exit:Go back",
CEO_Menu_Choose_Hull_Size,DialogOptionSelected,$option == CEO_Menu_Refit_Ships,CEO chooseHullSize,,,
CEO_Menu_Choose_Hull_Type,DialogOptionSelected,CEO chooseHullType,,,,
CEO_Menu_Choose_Refit_Ship,DialogOptionSelected,CEO chooseShipToRefit,,,,
CEO_Menu_Refit_Option,DialogOptionSelected,CEO isRefitOptionSelected,,,,
CEO_Menu_Refit_Package_Option,DialogOptionSelected,CEO isRefitPackageOptionSelected,,,,
CEO_Menu_Refit_Package_Option_Confirm,DialogOptionSelected,CEO isRefitPackageOptionConfirmed,,,,
CEO_Menu_Exit,DialogOptionSelected,$option == CEO_Menu_Exit,FireAll PopulateOptions,,,
#CEO dialog,,,,,,
